The Bouncing Souls	0
RX Bandits	1
Jenny Woo	2
Furacão 2000	3
Linkin Park	4
Pinback	5
Anitta	6
Pabllo Vittar	7
Explosions in the Sky	8
The Broken Circle Breakdown Bluegrass Band	9
Jorge Drexler	10
Da Guedes	11
FITO PÁEZ	12
Racionais Mc's	13
Eminem	14
50 Cent	15
Sabotage	16
Ja Rule	17
Public Enemy	18
Vitor Ramil	19
2Pac	20
Beastie Boys	21
Criolo	22
Pet Shop Boys	23
Rael	24
Run–D.M.C.	25
Snoop Dogg	26
Chuck Ragan	27
Madness	28
Less Than Jake	29
Sublime	30
The Mighty Mighty Bosstones	31
Reel Big Fish	32
Streetlight Manifesto	33
Mustard Plug	34
Rancid	35
Save Ferris	36
Terror	37
The Selecter	38
The Skatalites	39
Voodoo Glow Skulls	40
Big D And The Kids Table	41
Catch 22	42
Freddy Madball	43
Goldfinger	44
H2O	45
Pitbull	46
Ska-P	47
The Aquabats!	48
The Bodysnatchers	49
The Cure	50
The Loved Ones	51
The Smiths	52
The Specials	53
The Suicide Machines	54
Descendents	55
Johnny Cash	56
Joy Division	57
Mad Caddies	58
N.W.A.	59
Rage Against the Machine	60
Sick of It All	61
Street Dogs	62
The Beat	63
Wu-Tang Clan	64
Xis	65
Projota	66
toe	67
Oriente	68
D-Sailors	69
GBH	70
4 skins	71
Angelic Upstarts	72
Henrique & Juliano	73
The Business	74
Cock Sparrer	75
Combat 84	76
Hard Skin	77
Matheus & Kauan	78
Sham 69	79
The Old Firm Casuals	80
U.K. Subs	81
Vanilla Muffins	82
Alan Walker	83
Booze & Glory	84
Calvin Harris	85
Close Shave	86
Discipline	87
Evil Conduct	88
Gimp Fist	89
Infa Riot	90
Justin Timberlake	91
Los Fastidios	92
Major Accident	93
Mc's Zaac & Jerry Smith	94
Mike Posner	95
Oxymoron	96
Patriot	97
Perkele	98
Red London	99
Rihanna	100
Rude pride	101
Stomper 98	102
The Last Resort	103
Zayn	104
Cockney Rejects	105
DJ Snake	106
Drake	107
Galantis	108
Lion's Law	109
Roger Miret & The Disasters	110
Slapshot	111
Stage Bottles	112
Total Chaos	113
U.S. Bombs	114
Whiskey Rebels	115
RVIVR	116
The Get Up Kids	117
Propagandhi	118
All Time Low	119
Bane	120
Brand New	121
Dashboard Confessional	122
Finch	123
Say Anything	124
Sum 41	125
The Juliana Theory	126
The Used	127
Coheed and Cambria	128
Rainer Maria	129
Alien Ant Farm	130
Armor for Sleep	131
Fall Out Boy	132
Glassjaw	133
Hot Rod Circuit	134
Reggie and the Full Effect	135
Saosin	136
Sparta	137
SR-71	138
Story of the Year	139
Converge	140
Chuva Negra	141
At The Drive In	142
Pulley	143
The Fall of Troy	144
Every Time I Die	145
Jimmy Eat World	146
Yellowcard	147
This Is A Standoff	148
Thirty Seconds to Mars	149
Cover Pop	150
Showtek	151
Dead Fish	152
Have Mercy	153
Mineral	154
Black Flag	155
Fun People	156
Mukeka di Rato	157
OFF!	158
Nitrominds	159
Pennywise	160
The Interrupters	161
98 Mute	162
Bad Religion	163
Beer Bong	164
Bodyjar	165
Guttermouth	166
Ludovic	167
Mute	168
No Use for a Name	169
Pour Habit	170
Rufio	171
Tigers Jaw	172
Lil Peep	173
Polara	174
Title Fight	175
BEXEY	176
Vince Staples	177
Eddie Vedder	178
Pearl Jam	179
Ramones	180
Beach Slang	181
Buzzcocks	182
Dropkick Murphys	183
Head Automatica	184
Hüsker Dü	185
Shelter	186
Somos	187
Taking Back Sunday	188
Teenage Bottlerocket	189
The Clash	190
Charlie Brown JR.	191
O Rappa	192
V. Ray	193
CPM 22	194
Lil Yachty	195
Street Bulldogs	196
clipping.	197
Forest FX	198
Tight Chill Creator	199
All Night Chill Makers	200
Black Grass	201
Death Grips	202
Detonautas Roque Clube	203
Green Day	204
J Dilla	205
Kanye West	206
Lifetime	207
Lo Air	208
Lullaby Rain	209
O Surto	210
Rain Sound Plus	211
Red Hot Chili Peppers	212
Relaxing Rain Library	213
Rise Against	214
Run the Jewels	215
ScHoolboy Q	216
Selective Sounds PTA	217
Shabazz Palaces	218
SLeep TIght	219
Slipknot	220
Sound Sleeping	221
Tailormade Rain	222
Yoga Rain	223
Bad Brains	224
Matisyahu	225
Down to Nothing	226
From Ashes Rise	227
SOJA	228
Minor Threat	229
Bob Marley & The Wailers	230
The Wailers	231
Eek-a-Mouse	232
Manu Chao	233
Steel Pulse	234
The Wonder Years	235
Ziggy Marley	236
Peter Tosh & The Wailers	237
Alpha Blondy	238
Another Breath	239
Culture	240
Have Heart	241
Peter Tosh	242
A Day to Remember	243
As Tall As Lions	244
Automatic Loveletter	245
Blackalicious	246
Booker T. & The M.G.'s	247
Burning Spear	248
Circa Survive	249
Circle Jerks	250
Cro-Mags	251
Damian Marley	252
Dirty Heads	253
Every Avenue	254
Hawthorne Heights	255
Israel Vibration	256
Lee Perry & The Upsetters	257
Major Lazer	258
Moving Mountains	259
Napalm Death	260
Passafire	261
Ponto de Equilíbrio	262
Suicidal Tendencies	263
The Abyssinians	264
The All-American Rejects	265
The Anniversary	266
The Gladiators	267
The Pharcyde	268
The Pussycat Dolls	269
The Starting Line	270
Tove Lo	271
Trevor Hall	272
Verse	273
Weezer	274
Iron Maiden	275
Nervosa	276
Good Clean Fun	277
Gorilla Biscuits	278
Flo Rida	279
John Michael Montgomery	280
Smash Mouth	281
Sugarland	282
Planet Hemp	283
Edi Rock	284
Emicida	285
Korn	286
Cidade Negra	287
Flora Matos	288
Negra Li	289
Tim Maia	290
Titãs	291
21 Savage	292
509-E	293
ADL	294
American Authors	295
Black Alien	296
Blue Stahli	297
ConeCrewDiretoria	298
Dead Kennedys	299
Família Madá	300
Freelogia	301
Haikaiss	302
Hungria Hip Hop	303
J. Cole	304
Jackie Wilson	305
Jorge Ben Jor	306
Karol Conká	307
Lamb of God	308
Mano Brown	309
Marcelo D2	310
Rashid	311
Rites of Spring	312
RZO	313
Skizzy Mars	314
Suicide Silence	315
The Black Eyed Peas	316
Wiz Khalifa	317
XXXTentacion	318
The Flatliners	319
Against Me!	320
The Distillers	321
Against All Authority	322
Dance of Days	323
Face to Face	324
Flogging Molly	325
IZA	326
Lagwagon	327
Millencolin	328
Off With Their Heads	329
Pharrell Williams	330
Refused	331
The Ataris	332
The Cranberries	333
The Offspring	334
The Unseen	335
Missy & Blonde	336
Axwell /\ Ingrosso	337
OneRepublic	338
Sepultura	339
Miles Davis	340
Slayer	341
Tim Timebomb	342
Discharge	343
Ratos De Porão	344
Terrorgruppe	345
Cryptic Slaughter	346
D.R.I.	347
Despise You	348
Dropdead	349
Hellnation	350
Lack of Interest	351
Verbal Abuse	352
Fuck on the Beach	353
Kaaos	354
Municipal Waste	355
Spazz	356
Cripple Bastards	357
Nuclear Assault	358
Phobia	359
Rattus	360
Riistetyt	361
Agathocles	362
All Pigs Must Die	363
Brutal Truth	364
Capitalist Casualties	365
Extreme Noise Terror	366
The Exploited	367
Wasted Youth	368
108	369
Broken Bones	370
Cólera	371
Disrupt	372
Nasum	373
Operation Ivy	374
The Casualties	375
The Varukers	376
The Menzingers	377
Hot Water Music	378
Alkaline Trio	379
Avail	380
Shook Ones	381
Better Than a Thousand	382
In My Eyes	383
Kid Dynamite	384
Paint It Black	385
Strike Anywhere	386
Ten Yard Fight	387
Vitamin X	388
Tim Barry	389
Legião Urbana	390
Nando Reis	391
Cássia Eller	392
Zeca Baleiro	393
Belchior	394
Rita Lee	395
Charles Bradley	396
Fim do Silêncio	397
Five Finger Death Punch	398
Paramore	399
Unlife	400
Caetano Veloso	401
Djavan	402
Gilberto Gil	403
Agent Orange	404
Alceu Valença	405
Ana Carolina	406
Arnaldo Antunes	407
Bidê ou Balde	408
Cazuza	409
Chico Buarque	410
Elis Regina	411
Gal Costa	412
JARDS MACALÉ	413
Lenine	414
Maria Bethânia	415
Marisa Monte	416
Ney Matogrosso	417
Novos Baianos	418
Os Mutantes	419
Raul Seixas	420
Roberto Carlos	421
Secos & Molhados	422
Skank	423
Teco Martins	424
The Vibrators	425
Tiago Iorc	426
Tribalistas	427
Zé Ramalho	428
Motosierra	429
Black Veil Brides	430
blessthefall	431
Breaking Benjamin	432
Caliban	433
Good Riddance	434
Jawbreaker	435
Miss May I	436
Parkway Drive	437
Underoath	438
Atreyu	439
Star Fucking Hipsters	440
Willie Nelson	441
Chuck Berry	442
Lynyrd Skynyrd	443
The Beatles	444
Authority Zero	445
Left Alone	446
Eu Serei a Hiena	447
Hurtmold	448
Alexisonfire	449
Negative Approach	450
Ólafur Arnalds	451
Adna	452
Agnes Obel	453
Antischism	454
Apartment 213	455
Cigarettes After Sex	456
Claude VonStroke	457
Elza Soares	458
EMA	459
Empire of the Sun	460
Hurray For The Riff Raff	461
Iron Lung	462
Mammoth Grinder	463
MØ	464
Myrkur	465
Nausea	466
Nick Murphy	467
Olivier Giacomotto	468
Spektre	469
The Endless Blockade	470
Unholy Grave	471
Wormrot	472
Doom	473
Ellie Goulding	474
Facada	475
Flicts	476
Nails	477
Perfume Genius	478
Terrorizer	479
Protomartyr	480
Elvis Presley	481
Mamonas Assassinas	482
Kid Cudi	483
Rodox	484
OutKast	485
JAY Z	486
Kendrick Lamar	487
A Tribe Called Quest	488
Radiohead	489
Damien Rice	490
Ben Howard	491
Childish Gambino	492
Dram	493
Downset	494
Lorde	495
Sleeping at Last	496
The Notorious B.I.G.	497
Urban Dance Squad	498
Deez Nuts	499
Cypress Hill	500
Ice-T	501
Nas	502
LL Cool J	503
Mumford & Sons	504
Zack De La Rocha	505
Dr. Dre	506
Meek Mill	507
Young Thug	508
2 Chainz	509
6LACK	510
Bhad Bhabie	511
Coolio	512
Future	513
JAY CRITCH	514
Method Man	515
Migos	516
Ramaj Eroc	517
Thug Life	518
Tom Odell	519
Yo Gotti	520
D12	521
Diddy	522
Eazy-E	523
Fresno	524
Ice Cube	525
Ludacris	526
M83	527
Os Thompsons	528
South	529
The Sugarhill Gang	530
Xzibit	531
Yellow Days	532
YoungBloodz	533
1Kilo	534
94Broncos	535
A$AP Rocky	536
Activate	537
Ara Ketu	538
berhana	539
Bobby Shmurda	540
Body Count	541
Boogie Down Productions	542
Cacife Clandestino	543
Carbona	544
Chance the Rapper	545
Chris Brown	546
David McCallum	547
Digital Underground	548
DOYOULIKE?	549
Garage Fuzz	550
Gucci Mane	551
Jacqueline Taieb	552
James Bay	553
Jeezy	554
Jlin	555
Kevin Gates	556
King Krule	557
King Tee	558
Kurupt	559
Lil Baby	560
Lil Wayne	561
Lupe Fiasco	562
MC Ren	563
Mike Shinoda	564
Mobb Deep	565
Mos Def	566
Móveis Coloniais de Acaju	567
Ms. Lauryn Hill	568
Nina Simone	569
Nipsey Hussle	570
Ol' Dirty Bastard	571
Os Replicantes	572
Quality Control	573
Rich Gang	574
Roy Woods	575
RZA	576
Sonder	577
Stevie Wonder	578
Tay-K	579
Tee Grizzley	580
Tequila Baby	581
Terra Samba	582
The Delfonics	583
The Fray	584
Them Two	585
Tq	586
Travis	587
Troye Sivan	588
TruRebel Migs	589
Truth Hurts	590
U-God	591
Warren G	592
Westside Connection	593
YBN Nahmir	594
Al B. Sure!	595
Alice Coltrane	596
Alicia Keys	597
Big-A Prado	598
Blind Pigs	599
Cardi B	600
Coldplay	601
Craig Mack	602
D4L	603
Doggy's Angels	604
Dua Lipa	605
Dungeon Family	606
EarthGang	607
Flying Lotus	608
Gang Starr	609
Ghostface Killah	610
Gizzle	611
Gyyps	612
GZA	613
Harry Belafonte	614
Hateen	615
Juicy J	616
Kelela	617
Kodak Black	618
Kokane	619
Lil Uzi Vert	620
Masta Killa	621
MATOMA	622
Mel-Man	623
Miguel Fresco	624
Nevelle Viracocha	625
NX Zero	626
Os Torto	627
Plato III	628
Post Malone	629
RAÇA NEGRA	630
Rae Sremmurd	631
Raekwon	632
Rayana Jay	633
SahBabii	634
Slime	635
smokepurpp	636
The Theorist	637
Tko	638
Tracy Chapman	639
Travis Scott	640
Usher	641
Young Nudy	642
Yung Bans	643
Travie McCoy	644
Gym Class Heroes	645
3OH!3	646
Aer	647
Bruno Mars	648
Hello August	649
Jay-Z / Linkin Park	650
Tan Chin	651
Daniel Patarava	652
25 Ta Life	653
B.o.B	654
Chip tha Ripper	655
Claudia Leitte	656
Edward Jefferson	657
Felguk	658
Mac Miller	659
Madball	660
Magnus Ringblom Quartet	661
Malcolm Schultze	662
Maude De Geyndt	663
Meredith Brooks	664
Peter Sandberg	665
Quintino	666
R. Kelly	667
Sebastian Dalton Trio	668
Steve Aoki	669
Timbaland	670
Cat Dealers	671
Fort Minor	672
Hoodie Allen	673
Jason Derulo	674
Owl City	675
Scott BradLee's Postmodern Jukebox	676
Ariana Grande	677
Gerry & The Pacemakers	678
Jhene Aiko	679
Kasabian	680
Lana Del Rey	681
Shaun Track	682
The View	683
Kid Travis	684
Logic	685
Bill Evans	686
Set Your Goals	687
Sinking Ships	688
88 Fingers Louie	689
Agnostic Front	690
Go It Alone	691
Latterman	692
The Real McKenzies	693
Upset	694
Anti-Flag	695
Set it Straight	696
The Adicts	697
The Dollyrots	698
Switchfoot	699
The Gaslight Anthem	700
Boom Boom Kid	701
Misfits	702
Dead Boys	703
Deviates	704
Germs	705
Me First and the Gimme Gimmes	706
Nothington	707
The Twisted Minds	708
Naked Raygun	709
Subhumans	710
The Modern Lovers	711
Transplants	712
John Coltrane	713
Dinosaur Jr.	714
Bill Burr	715
Cursive	716
Arctic Monkeys	717
Japandroids	718
Arcade Fire	719
Daft Punk	720
Florence + the Machine	721
Franz Ferdinand	722
Greg Giraldo	723
Interpol	724
John Coltrane Quartet	725
Kaiser Chiefs	726
Stemm	727
The Cribs	728
The Hives	729
The Killers	730
The Libertines	731
Theo Von	732
Tom Segura	733
Snow Patrol	734
The Strokes	735
Thelonious Monk	736
New York Jazz Lounge	737
Pat Coil	738
Jazz Lounge	739
Social Distortion	740
Earth Crisis	741
Fistt	742
Beegie Adair	743
Comeback Kid	744
Jack Jezzro	745
NOFX	746
Sugar Kane	747
The Hope Conspiracy	748
Billy Talent	749
Biohazard	750
Bossa Cafe en Ibiza	751
Brad Mehldau Trio	752
Counterparts	753
Denis Solee	754
Most Precious Blood	755
No Redeeming Social Value	756
Raised Fist	757
Scott Joplin	758
Tony Fruscella	759
Vision of Disorder	760
Youth of Today	761
Zander	762
Benny Green	763
blink-182	764
Cancer Bats	765
Death Before Dishonor	766
Good Charlotte	767
Jacky Terrasson	768
Jimmy Jones Trio	769
Kill Your Idols	770
Marcus Gilmore	771
New York Lounge Quartett	772
Smooth Jazz	773
Stefano Bollani	774
Stefano Bollani Trio	775
Strife	776
Sworn Enemy	777
Trio Caiowás	778
Frank Sinatra	779
Sunny Day Real Estate	780
Ella Fitzgerald	781
Chet Baker	782
Louis Armstrong	783
Diana Krall	784
Manhattan Jazz Quartett	785
Tony Bennett	786
Billie Holiday	787
Duke Ellington	788
Eddie Money	789
Michael Sembello	790
Mulatu Astatke	791
Sam Cooke	792
The Crystals	793
Tiësto	794
Will Smith	795
Bing Crosby	796
Chaka Khan	797
DJ Jazzy Jeff & The Fresh Prince	798
Doris Day	799
Gloria Gaynor	800
Jay & The Americans	801
Nat King Cole	802
Quincy Jones	803
Sonny Rollins	804
Stacey Kent	805
The Pied Pipers	806
UB40	807
Belvedere	808
Nirvana	809
United Bottles	810
Avril Lavigne	811
Ceremony	812
La Dispute	813
These Arms Are Snakes	814
Thursday	815
Touché Amoré	816
Wander Wildner	817
Young Widows	818
White Reaper	819
Tim McIlrath	820
The Pogues	821
Simbiose	822
Not On Tour	823
Uberyou	824
Aaron West & The Roaring Twenties	825
Free Throw	826
It Looks Sad.	827
Mom Jeans.	828
Moose Blood	829
Movements	830
Old Gray	831
Pinegrove	832
Real Friends	833
Algernon Cadwallader	834
Balance and Composure	835
Empire! Empire! (I Was a Lonely Estate)	836
Microwave	837
Tiny Moving Parts	838
Turnover	839
Menores Atos	840
Dag Nasty	841
Ignite	842
colligere	843
Krawallbrüder	844
Soweto	845
Take Offense	846
Envy	847
Angra	848
La quiete	849
I Shot Cyrus	850
Basement	851
Blind Guardian	852
Campbell Trio	853
Citizen	854
Coldfront	855
De	856
Dwarves	857
Hard Girls	858
Helloween	859
Into It. Over It.	860
Man Overboard	861
Rawfire	862
Renegades Of Punk	863
Seahaven	864
Sonata Arctica	865
Ten Foot Pole	866
The Bronx	867
The Fullblast	868
The Mr. T Experience	869
The Second After	870
The World Is a Beautiful Place & I Am No Longer Afraid to Die	871
BoySetsFire	872
Cü Sujo	873
enchente	874
Lärm	875
mewithoutYou	876
Pianos Become the Teeth	877
Trompa	878
The Donnas	879
Joan Jett & The Blackhearts	880
Juliette & The Licks	881
Juliette Lewis	882
L7	883
Bikini Kill	884
The Runaways	885
Veruca Salt	886
Magrudergrind	887
Pig Destroyer	888
Pink Floyd	889
Mike Birbiglia	890
Cheat Codes	891
Deftones	892
Incubus	893
Lily Allen	894
Nine Inch Nails	895
A Perfect Circle	896
CKY	897
Mastodon	898
Metallica	899
Chevelle	900
Machine Head	901
Filter	902
Primus	903
Faith No More	904
Helmet	905
Meshuggah	906
P.O.D.	907
Taproot	908
Adema	909
Mudvayne	910
Sevendust	911
Static-X	912
Phone Trio	913
Dead Tired	914
Candiria	915
Fugazi	916
WORST	917
BRAZA	918
Pablo Moses	919
Sublime with Rome	920
Delroy Wilson	921
Katchafire	922
Lloyd Brown	923
Mato Seco	924
Jah9	925
Sanchez	926
This Will Destroy You	927
Zeca Pagodinho	928
Clifford Hayes And The Dixieland Jug Blowers	929
Marcia Griffiths	930
Rita Marley	931
Sade	932
Cartola	933
Chico Science	934
Bezerra da Silva	935
Vinícius de Moraes	936
BNegão	937
Céu	938
Chico César	939
Mundo Livre S/A	940
Toquinho	941
uptempo players	942
Erasmo Carlos	943
Swedish House Mafia	944
Biqram	945
Arden Forest	946
Luchs	947
Alan Ellis	948
Aphex Twin	949
Bela Nemeth	950
Brian Eno	951
Brian McBride	952
Cadet de l'espace	953
Calm Shores	954
Clark Ingram	955
Coyote Oldman	956
dilaz	957
Dream Runner	958
Empty Space	959
Jonatan Mollberg	960
kvíðahópur	961
La Reve	962
Lights From A Distance	963
Max Richter	964
Meditaciónessa	965
Momento	966
Oscar Collin	967
primer dia	968
Réka Ioescu	969
Spirits Of Our Dreams	970
Steven Goldmund	971
Turquoise & Fire	972
Velodrome	973
Alex Couture	974
Amaranth Cove	975
Ave Air	976
Becca	977
Belle Margaux	978
Binary One	979
by Lotus	980
daigo hanada	981
Enno Aare	982
Evelyn Stein	983
Gavin Luke	984
Intentional Vibes	985
Ivy Rue	986
Joseph Beg	987
Josie O'Connor	988
Kasper Schill	989
La-Mu	990
Lucina Chase	991
Matt van Stern	992
Moon Laika	993
Mvs	994
Nils Frahm	995
Novo Talos	996
Otto Totland	997
Rand Aldo	998
Rannar Sillard	999
Richard Ramsey	1000
Sigimund	1001
Solvekin	1002
Sub-City Keys	1003
Voyager	1004
William Roud	1005
Wilmer Norman	1006
Yolta	1007
Claudia	1008
Liniker e os Caramelows	1009
Jimi Hendrix	1010
The Who	1011
Black Sabbath	1012
Di Melo	1013
Dire Straits	1014
Eric Clapton	1015
Grateful Dead	1016
Iggy Pop	1017
New York Dolls	1018
The Hillbilly Moon Explosion	1019
The Smashing Pumpkins	1020
Armin van Buuren	1021
Nicky Romero	1022
Ummet Ozcan	1023
Vini Vici	1024
Above & Beyond	1025
Arty	1026
W&W	1027
NWYR	1028
Paul van Dyk	1029
Sander Van Doorn	1030
Cosmic Gate	1031
Estiva	1032
Gabriel & Dresden	1033
Gaia	1034
Solarstone	1035
Big Brother & The Holding Company	1036
Janis Joplin	1037
Fito Paez	1038
Battery	1039
Queen	1040
A Static Lullaby	1041
AC/DC	1042
Black Uhuru	1043
Bob Dylan	1044
Chunk! No, Captain Chunk!	1045
Creedence Clearwater Revival	1046
Deep Purple	1047
Drunken Philosophy	1048
Pixies	1049
Ramon Ayala	1050
Sheku Kanneh-Mason	1051
Sleeping With Sirens	1052
Steppenwolf	1053
The Doors	1054
We Came As Romans	1055
Brooklyn Duo	1056
Lou Reed	1057
The Aggrovators	1058
The Bad Plus	1059
The Congos	1060
Dimitri Vegas & Like Mike	1061
Exodus	1062
Kreator	1063
Marlo	1064
Sodom	1065
Timmy Trumpet	1066
Wildstylez	1067
Testament	1068
Cobra Skulls	1069
Iron Chic	1070
Strung Out	1071
Swingin' Utters	1072
Dead to Me	1073
Digicult	1074
Life of Agony	1075
Hardneja Sertacore	1076
88 Não!	1077
Discarga	1078
Pense	1079
Futuro	1080
Holly Tree	1081
Los Vato's	1082
No Milk Today	1083
Os Pedrero	1084
Tamborellos	1085
Blur	1086
I.N.K.	1087
Hatebreed	1088
Total Fucking Destruction	1089
Jim Sturgess	1090
Evan Rachel Wood	1091
Himesh Patel	1092
The Beach Boys	1093
Matanza	1094
O Inimigo	1095
Raimundos	1096
Frank Zappa	1097
Opeth	1098
Boris	1099
Sunn O)))	1100
Earth	1101
Seth MacFarlane	1102
DIR EN GREY	1103
Emerson, Lake & Palmer	1104
Foo Fighters	1105
Puscifer	1106
Arch Enemy	1107
Caravan	1108
Between the Buried and Me	1109
Devin Townsend Project	1110
Porcupine Tree	1111
Steven Wilson	1112
Strapping Young Lad	1113
The Aristocrats	1114
The Mars Volta	1115
Nightmare	1116
Focus	1117
Sleep	1118
X Japan	1119
Galneryus	1120
Genesis	1121
Gojira	1122
Haken	1123
Melvins	1124
OSI	1125
The Sword	1126
Versailles	1127
Death	1128
LUNA SEA	1129
Egg	1130
Extreme	1131
Katatonia	1132
Led Zeppelin	1133
BUCK-TICK	1134
Racer X	1135
Cacophony	1136
Karnivool	1137
Oasis	1138
Steve Vai	1139
Dream Theater	1140
Megadeth	1141
Church of Misery	1142
The Contortionist	1143
Polyphia	1144
Vamps	1145
L'Arc~en~Ciel	1146
BTS	1147
Mr. Bungle	1148
Rings of Saturn	1149
The Dillinger Escape Plan	1150
How to Destroy Angels	1151
Modwheelmood	1152
TWICE	1153
Camel	1154
Devin Townsend	1155
Duran Duran	1156
MONSTA X	1157
Seventeen	1158
BLACKPINK	1159
Hyde	1160
Japan	1161
UK	1162
雅-MIYAVI-	1163
Bloodbath	1164
Origin	1165
Cattle Decapitation	1166
Judas Priest	1167
Velvet Revolver	1168
Blackfield	1169
Beyond Creation	1170
Necrophagist	1171
Fleshgod Apocalypse	1172
Ihsahn	1173
Behemoth	1174
Emperor	1175
SONOIO	1176
The Human Abstract	1177
Maximum the Hormone	1178
Black Tongue	1179
Cynic	1180
Thy Art Is Murder	1181
Trans-Siberian Orchestra	1182
Whitechapel	1183
Among The Sleep	1184
Animals as Leaders	1185
Toothgrinder	1186
CHON	1187
Intervals	1188
Isis	1189
Jupiter	1190
Marty Friedman	1191
Mr. Big	1192
ONE OK ROCK	1193
Queensrÿche	1194
Scale the Summit	1195
The White Stripes	1196
Exo	1197
Agust D	1198
GACKT	1199
NCT 127	1200
lynch.	1201
Team Sleep	1202
the GazettE	1203
布袋寅泰	1204
Atheist	1205
Infant Annihilator	1206
Pain of Salvation	1207
PINK GUY	1208
Allegaeon	1209
Brain Drill	1210
Slaughter To Prevail	1211
Symphony X	1212
tricot	1213
G-DRAGON	1214
Milco	1215
Ichika	1216
Super Junior	1217
Bigbang	1218
Earthists.	1219
Escape From Echo Base	1220
Invalids	1221
Wuddup	1222
Joji	1223
Rich Brian	1224
Kris Wu	1225
Skyharbor	1226
TesseracT	1227
My Bloody Valentine	1228
Whitesnake	1229
REO Speedwagon	1230
Japanese Breakfast	1231
Stone Temple Pilots	1232
Dokken	1233
Firehouse	1234
Heart	1235
Jane's Addiction	1236
LSD and the Search for God	1237
Tesla	1238
The Floor	1239
Asobi Seksu	1240
Mitski	1241
ゴールデンボンバー	1242
After the Burial	1243
Animetal	1244
Astro	1245
Cream	1246
Kyuss	1247
Muse	1248
T.O.P	1249
Truckfighters	1250
VIXX	1251
태양	1252
ムック	1253
Anthrax	1254
Kyuso Nekokami	1255
9mm Parabellum Bullet	1256
Bradio	1257
Beck	1258
Children of Bodom	1259
Cloudkicker	1260
Great White	1261
Red Velvet	1262
Sithu Aye	1263
Spawn of Possession	1264
THE MICRO HEAD 4N'S	1265
j-hope	1266
hide with Spread Beaver	1267
Zedd	1268
BABYMETAL	1269
Commodores	1270
Deli Spice	1271
Loudness	1272
Michael Schenker Group	1273
Protest the Hero	1274
Saber Tiger	1275
Trivium	1276
UFO	1277
LAY	1278
Black Label Society	1279
Boston	1280
Control Denied	1281
MAN WITH A MISSION	1282
NoisyCell	1283
Pantera	1284
Plastic Tree	1285
Textures	1286
Van Halen	1287
Gorguts	1288
King Crimson	1289
Pat Metheny Group	1290
Angel Vivaldi	1291
George Waggner	1292
Jackson Wang	1293
Jason Becker	1294
Jeff Loomis	1295
Jeff Lorber	1296
Joe Satriani	1297
Kiko Loureiro	1298
Magic Pie	1299
Melt-Banana	1300
Oceano	1301
Rush	1302
Tony MacAlpine	1303
Flow	1304
Jay Park	1305
Eric Johnson	1306
EXO-CBX	1307
Buckethead	1308
Gaeko	1309
Meth Wax	1310
A Night In Texas	1311
dandelion hands	1312
Anders Johansson	1313
Alcest	1314
Alice in Chains	1315
Angelmaker	1316
Astronaut Samurais	1317
Beach Goons	1318
Green Carnation	1319
Ichikoro	1320
Karen O	1321
KEYTALK	1322
LEGOKINGZAY	1323
Pity Party (Girls Club)	1324
RADWIMPS	1325
sad park	1326
Salvia Palth	1327
Teen Suicide	1328
Thank You Scientist	1329
winnie	1330
GOT7	1331
High Sunn	1332
Sunn O))) & Boris	1333
BLUE ENCOUNT	1334
Castlebeat	1335
Crush	1336
Dying Fetus	1337
IU	1338
Kaya	1339
NCT U	1340
Pomegranate Tiger	1341
Takayoshi Ohmura	1342
The Pinballs	1343
KAMIJO	1344
Sim	1345
Killing Joke	1346
NCT DREAM	1347
Sonic Youth	1348
Soundgarden	1349
Sug	1350
THE ORAL CIGARETTES	1351
EXO-K	1352
EXO-M	1353
Alesso	1354
Anthem	1355
Boyscott	1356
Carnifex	1357
Chen	1358
Cocteau Twins	1359
Counting Crows	1360
Guthrie Govan	1361
TOFUBEATS	1362
ZICO	1363
VIXX LR	1364
DAY6	1365
HIZAKI	1366
JJ Project	1367
K.A.R.D	1368
Liquid Tension Experiment	1369
Modest Mouse	1370
PENTAGON	1371
Yngwie Malmsteen	1372
In This Moment	1373
Garbage	1374
The Agonist	1375
ORANGE RANGE	1376
plenty	1377
Screaming Trees	1378
Vagabon	1379
Kenny Loggins	1380
System of a Down	1381
Jaded Juice Riders	1382
Shaggy	1383
Their Dogs Were Astronauts	1384
NCT	1385
Junggigo	1386
Block B	1387
Brown Eyed Girls	1388
D'erlanger	1389
Siouxsie and the Banshees	1390
Zion.T	1391
EXID	1392
KANA-BOON	1393
Winner	1394
Mizuki Ohira	1395
Stray Kids	1396
Audioslave	1397
Beach Bums	1398
BTOB	1399
Chanyeol	1400
Crossfaith	1401
Plini	1402
sadgirl	1403
Shawn Lane	1404
Vixen	1405
DEAN	1406
Infinite	1407
LOOΠΔ	1408
Lu Han	1409
Z.TAO	1410
Hoody	1411
m-flo	1412
Placebo	1413
Triathalon	1414
Aborted	1415
Albert King	1416
Annyeongbada	1417
Baroness	1418
DTSQ	1419
Ikon	1420
Nocturnal Bloodlust	1421
Slice the Cake	1422
Suzy	1423
TAEMIN	1424
유아 YooA	1425
Amongst Thieves	1426
OH MY GIRL	1427
Weedeater	1428
10cm	1429
Drug Restaurant	1430
RIZE	1431
Suffocation	1432
Thundercat	1433
Tweaker	1434
Yes	1435
랄라스윗(lalasweet)	1436
은종 SILVERBELL	1437
D-LITE	1438
Pansy Division	1439
High on Fire	1440
Bad English	1441
Baekhyun	1442
Bolt Thrower	1443
Charli XCX	1444
exist†trace	1445
Mino	1446
MOMOLAND	1447
Sleepyhead	1448
LOOΠΔ / ODD EYE CIRCLE	1449
Skylar Spence	1450
Chrome Sparks	1451
LOVING	1452
Slow Magic	1453
TOKiMONSTA	1454
GYEONG REE	1455
Ravi	1456
TTNG	1457
Holland	1458
승리	1459
CL	1460
SHINee	1461
Jessi	1462
B.A.P	1463
Acid Black Cherry	1464
ASIAN KUNG-FU GENERATION	1465
Last Dinosaurs	1466
Sejeong	1467
A.C.E	1468
Buzz	1469
flumpool	1470
Bye Bye Bad Man	1471
Cavetown	1472
Dan James Griffin	1473
Dynamic Duo	1474
Keshi	1475
Oliver Tree	1476
Triple H	1477
Big Marvel	1478
Giraffage	1479
KARD	1480
TEEN TOP	1481
The Pineapple Thief	1482
TV on the Radio	1483
yunggoth✰	1484
현아	1485
BROCKHAMPTON	1486
Far East Movement & Marshmello	1487
Far East Movement	1488
Block B - Bastarz	1489
2NE1	1490
Who R U?	1491
CROSS GENE	1492
Diveo	1493
Leo	1494
moderniq	1495
Morning Coffee	1496
Saevom	1497
Topp Dogg	1498
24k	1499
Dark Cat	1500
Kylesa	1501
The Flower Kings	1502
4minute	1503
B1A4	1504
After School	1505
SISTAR	1506
9MUSES	1507
A Pink	1508
Aika	1509
DK (Seventeen)	1510
Egoist	1511
f(x)	1512
Jonghyun	1513
Luis Fonsi	1514
Novadox	1515
Pelican	1516
Psy	1517
Sorae	1518
Strawberry Girls	1519
Whethan	1520
조규현	1521
Queens of the Stone Age	1522
Nevermore	1523
Primary	1524
VAV	1525
Weki Meki	1526
zack villere	1527
American Football	1528
Xiumin	1529
Chung Ha	1530
Geeks	1531
Hayley Kiyoko	1532
illion	1533
Joyce Wrice	1534
Kero One	1535
MBLAQ	1536
MICRODOT	1537
nothing,nowhere.	1538
PRISTIN	1539
spookyghostboy	1540
The Radio Dept.	1541
tobi lou	1542
TOTALFAT	1543
우일 Wooil	1544
ストレイテナー	1545
Tyler, the Creator	1546
GD X TAEYANG	1547
J_ust	1548
JinSang	1549
starry cat	1550
Aminé	1551
Shawn Wasabi	1552
소녀시대	1553
BUMZU	1554
CoVet	1555
Eric Nam	1556
Iron & Wine	1557
LOOΠΔ yyxy	1558
Norwegian Wood	1559
Perfume	1560
Promises Ltd.	1561
Psalm Trees	1562
SummerWish	1563
The Neighbourhood	1564
수호	1565
State Champs	1566
[bsd.u]	1567
Cute Girls Doing Cute Things	1568
D-LITE&V.I	1569
Meng Jia	1570
WJSN	1571
Ager	1572
Amber	1573
andymori	1574
Bumkey	1575
Cap'n Jazz	1576
Electric Wizard	1577
J'San	1578
Jay Som	1579
John Mayer	1580
Kozypop	1581
Lee Handeul	1582
Sunmi	1583
UNCHAIN	1584
Vanilla Acoustic	1585
YOONA	1586
Volbeat	1587
Girl's Day	1588
LOOΠΔ 1/3	1589
SF9	1590
Two Door Cinema Club	1591
DaizyStripper	1592
Dope Lemon	1593
idealism	1594
JJY Band	1595
Moe Shop	1596
mrshll	1597
N.Flying	1598
YURI (Girls’ Generation)	1599
환상약국 Fantastic Drugstore	1600
落日飛車 Sunset rollercoaster	1601
Car Seat Headrest	1602
Crucial Star	1603
Dads	1604
Mother Love Bone	1605
Punch	1606
Greta Van Fleet	1607
Cö shu Nie	1608
Hyper Potions	1609
Knuckle Puck	1610
Kudasaibeats	1611
Sameo	1612
Sundial	1613
東方神起	1614
Nito	1615
Delayde	1616
Jane Jang	1617
문성남	1618
guckkasten	1619
Michael Seyer	1620
Sex Pistols	1621
FlowSik	1622
Empyrium	1623
Hong Dae Kwang	1624
I Hate Myself	1625
Imfinenow	1626
Park Jimin	1627
Scorpions	1628
Snowing	1629
Wikid Woadie	1630
태연	1631
PRISTIN V	1632
Graduating Life	1633
Sungazer	1634
여자친구	1635
jhfly	1636
mt. fujitive	1637
015B	1638
88Rising	1639
Aso	1640
Biosphere	1641
Defla	1642
Furozh	1643
Girl In Red	1644
JFilt	1645
jus.	1646
Kihyun (MONSTA X)	1647
less.people	1648
Linanthem	1649
Mammal Hands	1650
Matt Champion	1651
MYTEEN	1652
Nine Percent	1653
organic_kid	1654
Phoenix Manson	1655
SHHP	1656
Smika	1657
Sofya Wang	1658
Stan Forebee	1659
sukekiyo	1660
Urban Shaman	1661
Walking Across Jupiter	1662
YOSHIKI	1663
윤종신	1664
Halestorm	1665
DJ Dread	1666
Summer Salt	1667
The Pretty Reckless	1668
Tool	1669
AJMW	1670
Beach House	1671
Chris Mazuera	1672
Greg Howe	1673
Harris Cole	1674
JBJ	1675
JYOCHO	1676
Kevin Abstract	1677
Modern Day Babylon	1678
Plusma	1679
QSTN	1680
Rikinish	1681
RudeManners	1682
San E	1683
Seneca B	1684
Sick Puppies	1685
Silent Planet	1686
Veil of Maya	1687
大象體操	1688
Drunken Tiger	1689
10 Years	1690
B-Side	1691
Ben	1692
Capshun	1693
Daron Malakian and Scars on Broadway	1694
Dillaz	1695
Dominic Pierce	1696
harlyyn.	1697
Kun	1698
Michael Angelo Batio	1699
Mommy	1700
Monday Kiz	1701
RM	1702
ROOK1E	1703
Seulgi	1704
Jooheon (Monsta X)	1705
Jennie	1706
Thaiboy Digital	1707
The 1975	1708
Wanna One	1709
(G)I-DLE	1710
AMpm	1711
Bones	1712
Girls' Generation-Oh!GG	1713
Good Morning	1714
Graupel	1715
howiewonder	1716
Hyolyn	1717
IZ*ONE	1718
Joba	1719
Juan Rios	1720
KYLE	1721
MAMAMOO	1722
Plage 84	1723
The Japanese House	1724
Allan Holdsworth	1725
Good Tiger	1726
Sekaiichi	1727
Tiffany Young	1728
fcj	1729
Epica	1730
potsu	1731
Sweet Trip	1732
松任谷由実	1733
No Rome	1734
Bear//Face	1735
bloom.	1736
Destiny Potato	1737
Don_Solo	1738
Music Is Matter	1739
oatmello	1740
Reddy	1741
Them Crooked Vultures	1742
This Was Planned*	1743
Toonorth	1744
WayV	1745
Staind	1746
baechulgi	1747
Frank Ocean	1748
Gorillaz	1749
King Gnu	1750
Teen Daze	1751
Anti-Nowhere League	1752
BeautyHandsome	1753
BROCKBEATS	1754
CLC	1755
Diary of Dreams	1756
Gary Mills	1757
kreaem	1758
Limbo	1759
lucky.s	1760
Rhakim Ali	1761
Telemakus	1762
Vagabond Maurice	1763
Whysp	1764
DJ Splash Drip	1765
Gina Young	1766
Kim Yeonji	1767
Mad Season	1768
Massive Attack	1769
MeloMance	1770
Natasha Kmeto	1771
The Ditty Bops	1772
AAAMYYY	1773
Cherry Bullet	1774
Gentle Giant	1775
Gryphon	1776
HoneyComeBear	1777
ITZY	1778
Manila Killa	1779
Van der Graaf Generator	1780
Thomas & Friends	1781
Emi Okamoto	1782
glue70	1783
HM SURF	1784
John Denver	1785
Loona	1786
NELAC	1787
Party In Backyard	1788
Tenny	1789
Travi$ Scott	1790
Hiatus Kaiyote	1791
The Rose	1792
Arbour	1793
Bill Evans Trio	1794
CRUISR	1795
drkmnd	1796
FOAD	1797
Hwa Sa	1798
K.Will	1799
s. lyre	1800
Seiho	1801
Simon Dominic	1802
Tang	1803
ATEEZ	1804
Aina Brei'Yon	1805
blankanvas	1806
ciasco	1807
Hella	1808
Jason Derülo	1809
JAY.D.S	1810
Saturnus	1811
The Afterimage	1812
Suggi	1813
Stefflon Don	1814
arch ECHO	1815
Dumbfoundead	1816
Eyedi	1817
Snail's house	1818
Soulchef	1819
Epik High	1820
HA SUNG WOON	1821
Niki	1822
school food punishment	1823
Yeri	1824
マクロスMACROSS 82-99	1825
sad boy with a laptop	1826
Wonk	1827
architecture in tokyo	1828
Burbank	1829
Diners	1830
Draconian	1831
familypet	1832
Flitz&Suppe	1833
HYO	1834
Joyce Manor	1835
Kazumi Kaneda	1836
khai dreams	1837
mellowmnd	1838
SBGB	1839
shibuya.	1840
Slumgod	1841
The Cardboard Swords	1842
Blank Banshee	1843
MIYAVI & Kenken	1844
3d_blast	1845
Chimmi	1846
Clinton Affair	1847
death's dynamic shroud.wmv	1848
LOOΠΔ / yyxy	1849
Loyle Carner	1850
Northlane	1851
Siamese	1852
Ta-ku	1853
TOMORROW X TOGETHER	1854
Wendy	1855
YUNG BAE	1856
Yuri	1857
City Girl	1858
FOREIGN FOREST	1859
✦ pink cig ✦	1860
Fatima	1861
Moonchild	1862
YESTERDAY	1863
Abstracts	1864
Audio Dope	1865
Billie Eilish	1866
Children Of Zeus	1867
DEADBEATTEEN	1868
DreamNote	1869
Forrest & Biskwiq	1870
Forrest.	1871
FRAD	1872
fujitsu	1873
Gummy	1874
Joomanji	1875
JUICEB☮️X & Jinsang	1876
Kaytranada	1877
Lite	1878
SadEyeS	1879
santpoort	1880
Shafiq Husayn	1881
sleepdealer	1882
Sullii	1883
Swarvy	1884
TESK	1885
Through & Through	1886
TV Blonde	1887
VBND	1888
Verzache	1889
zach farache	1890
Toby Fox	1891
boy pablo	1892
Acid Ghost	1893
Anda	1894
Elliot Ziegler	1895
Kero Kero Bonito	1896
Modern Baseball	1897
Mountain Witch	1898
No Vacation	1899
Red Fang	1900
조소정 Jo SoJeong	1901
트로피캣	1902
Billie Marten	1903
Kazuo	1904
Nymano	1905
HELLO VENUS	1906
Ariana Grande & Victoria Monét	1907
Dynamicduo & DJ Premier	1908
Feed Me Jack	1909
Gnash	1910
JUICEB☮X	1911
LANY	1912
The xx	1913
Lalasweet	1914
LUHAN	1915
MIYAVI & Daichi Miura	1916
Nightwish	1917
OFFONOFF	1918
박봄	1919
Eden	1920
iLOVEFRiDAY	1921
Kendall Miles	1922
a crowd of rebellion	1923
Dan Mason ダン·メイソン	1924
EVERGLOW	1925
Home	1926
Snail Mail	1927
Soccer Mommy	1928
St. Vincent	1929
Yung Bae & Macross 82-99	1930
サニーデイ・サービス	1931
Super Lunch	1932
AOA	1933
Dom McLennon	1934
In Love With a Ghost	1935
N*E*R*D	1936
YUC'e	1937
hwang puha	1938
Junkie	1939
Jurassic Shark	1940
Loud Luxury	1941
merlyn wood	1942
MIYAVI vs シシド・カフカ	1943
Om	1944
Only U	1945
Philanthrope	1946
Puma Blue	1947
RICEWINE	1948
Sam Kim	1949
Stevie Ray Vaughan	1950
T. Rexico	1951
tempalay	1952
The Faceless	1953
The Red Pears	1954
Tom Misch	1955
Tony Igy	1956
We Hunt Buffalo	1957
Yvette Young	1958
ZHU	1959
박재범 Jay Park & Dok2	1960
온유	1961
Killy	1962
Night Tempo	1963
Paloalto	1964
Bladee	1965
Boa	1966
Charisma.com	1967
FloFilz	1968
Getter	1969
Girls' Generation-TTS	1970
Jinbo	1971
Jordan Rakei	1972
KAN SANO	1973
Life of Hojj	1974
Sik-K	1975
Soak	1976
The Internet	1977
Vaughan	1978
Wonder Girls	1979
beabadoobee	1980
gugudan	1981
Luna	1982
Wishing	1983
Akira Kosemura	1984
Alfa Mist	1985
Alice Vicious	1986
Architects	1987
B.B. King	1988
BADBADNOTGOOD	1989
Bedroom	1990
Cyberbully Mom Club	1991
Dasutt	1992
Edward Avila	1993
Emerld	1994
Florist	1995
Flume	1996
Fox Academy	1997
Fraternal Twin	1998
Henry	1999
IWR	2000
Jeon Soyeon	2001
Megan Lee	2002
Mellowdrone	2003
Rex Orange County	2004
Solar	2005
Tako & Jhyung	2006
The Marías	2007
Tiffi	2008
Trevor Daniel	2009
Weather Report	2010
You Blew It!	2011
Yussef Dayes	2012
예성	2013
Awkwafina	2014
Bastarz	2015
Bleachers	2016
Chinese Football	2017
Conan	2018
DPR LIVE	2019
Dreamcatcher	2020
foggieraw	2021
History	2022
In Flames	2023
John Legend	2024
K/DA	2025
MGMT	2026
MNYL	2027
SAAY	2028
SEULGI, SinB, CHUNG HA & SOYEON	2029
Somi	2030
Standards	2031
Tame Impala	2032
The Devil And The Almighty Blues	2033
The Mountain Goats	2034
Yuna	2035
블랙넛	2036
피에타 PIETA	2037
Earth, Wind & Fire	2038
Hyoyeon	2039
Moon Byul	2040
"CHEN	2041
Abhi//dijon	2042
Gentle Bones	2043
Moon Sung Nam	2044
R3hab	2045
rei brown	2046
Rich Brian, Keith Ape & Xxxtentacion	2047
salmxn	2048
Sam Rui	2049
Shinedown	2050
slayyyter	2051
SurFaces	2052
The Black Keys	2053
SALES	2054
Instupendo	2055
9MUSES A	2056
BOYINSPACE	2057
Dominic Fike	2058
Doplamingo	2059
Emeli Sandé	2060
Jason Derulo, Lay & NCT 127	2061
Joey Pecoraro	2062
Yung Bae, bbno$ & Billy Marchiafava	2063
ROMderful	2064
Talitha.	2065
DAOKO	2066
Hobo Johnson	2067
Hour of Penance	2068
Kris Wu, Rich Brian, Joji, Trippie Redd & Baauer	2069
Nebita	2070
PewDiePie	2071
Pusher	2072
CheVy	2073
Rina Sawayama	2074
android52	2075
Andy Mineo	2076
Core.Low	2077
Holy White Hounds	2078
Lil Nas X	2079
Mxrc Clxrk	2080
Neeks	2081
Wooil	2082
Yume	2083
Ananda Shankar	2084
Blood Meridian	2085
Cage the Elephant	2086
Christie Laume	2087
Daddy Long Legs	2088
EMF	2089
Everlast	2090
Jackson C. Frank	2091
Jacques Dutronc	2092
Kaleidoscope [US]	2093
Pink Freud	2094
The Black Angels	2095
The Janitors	2096
The Kills	2097
The Orange Revival	2098
The Poppy Family	2099
Nameless	2100
Nameless (UA, Ternopil)	2101
West Coast Pop Art Experimental Band	2102
The	2103
The Pretty Things	2104
Acid Fascists	2105
Andrew Dunham	2106
Ann Gogo	2107
Czesіaw Niemen	2108
Dan Ellery	2109
David Bowie	2110
Dead Skeletons	2111
DoBRO	2112
Garden Club	2113
Irma Thomas	2114
Kaviar Special	2115
Kraftwerk	2116
Les Chakachas	2117
Les Mykels	2118
Lime Spiders	2119
Limey & the yanks	2120
Los Blue Angels	2121
Los Yaki	2122
Micky Y Los Tonys	2123
Mountebank	2124
Neils Children	2125
Os Jovens	2126
Polska Radio One	2127
Rancho Relaxo	2128
Rose Iwanaga and the Avengers	2129
The Byrds	2130
The Delicate Balance	2131
The Fender Benders	2132
The Flamming Stars	2133
The Frowning Clouds	2134
The Muleskinners	2135
The NoMen	2136
The Rationals	2137
The Seeds of Time	2138
The Small Faces	2139
The Velvet Underground	2140
Thee Oh Sees	2141
Velvet Underground, The	2142
Colours	2143
03. Nameless (UA, Ternopil)	2144
Omodada	2145
Dj Duo Hopta	2146
Danel Pascal	2147
Les Safari Crois	2148
Tasavallan Presidentti	2149
The Vacant Lots	2150
The Volta Sound	2151
The Lovin' Spoonful	2152
Shnoopie	2153
Ty Segall	2154
101 Strings	2155
Blonde On Blonde	2156
Bobbie Gentry	2157
Club Des Belugas	2158
Fairport Convention	2159
mixers	2160
Mungo Jerry	2161
Pekka Streng	2162
The Attack	2163
The Transpersonals	2164
The Fallen Angels	2165
Branchez	2166
HAIM	2167
Mura Masa	2168
French Montana	2169
G Perico	2170
Fredfades	2171
Jason Isbell and The 400 Unit	2172
Bone Thugs-N-Harmony	2173
Kirin J Callinan	2174
Planning for Burial	2175
Amber Mark	2176
Amir Obe	2177
Autre Ne Veut	2178
Back Back Forward Punch	2179
Big Boi	2180
Boom Forest	2181
Boosie Badazz	2182
BOSSY LOVE	2183
Busy Signal	2184
Cam & China	2185
Coyote Kisses	2186
Crystal Caines	2187
Danger Mouse	2188
Dawn Golden	2189
Draper	2190
Elle King	2191
Elohim	2192
Eza	2193
Francis and the Lights	2194
Hey Violet	2195
Hudson Mohawke	2196
Hundred Waters	2197
J Perry	2198
Jason Isbell	2199
Jeremih	2200
Jim-E Stack	2201
Kai Straw	2202
Kehlani	2203
Keyes	2204
Kodaline	2205
Lao Ra	2206
Lope & Kantola	2207
Manor	2208
Margo Price	2209
Maxwell	2210
Meg Myers	2211
Miike Snow	2212
MR. SERV-ON	2213
NAVVI	2214
Paperwhite	2215
Phantogram	2216
Porches	2217
Prince Fox	2218
Rapsody	2219
Rudimental	2220
Sarsha Simone	2221
Scotty ATL	2222
Shallows	2223
Spice	2224
Summer Flake	2225
SWV	2226
Tazer	2227
The Chainsmokers	2228
The War on Drugs	2229
The-Dream	2230
Trina	2231
Warm Brew	2232
White Sea	2233
Waxahatchee	2234
Deafheaven	2235
Onni Boi	2236
Cannibal Ox	2237
Vérité	2238
BANKS	2239
Jessie Ware	2240
Martin Garrix	2241
Mike Williams	2242
The Belle Game	2243
The Embassy	2244
2 Eleven	2245
A R I Z O N A	2246
alt-J	2247
ALXXA	2248
Avicii	2249
Aybner	2250
Big L	2251
Bishop Briggs	2252
Blacastan & Stu Bangas	2253
Blackbear	2254
Blake Shelton	2255
Bosco	2256
Bright Lights	2257
Calum Scott	2258
Cash Cash	2259
Chaz French	2260
Clean Bandit	2261
Damian La Grange	2262
Dan Black	2263
Darius Rucker	2264
davomakesbeats	2265
Delagoon	2266
Dimitri Vegas, Moguai & Like Mike	2267
Don Diablo	2268
Duke Da God	2269
DVBBS	2270
Eric Church	2271
Fais	2272
Fatboy Slim	2273
FKA twigs	2274
Hell Rell	2275
inc. no world	2276
Jedi Mind Tricks	2277
Jonas Blue	2278
Julia Michaels	2279
Ke$ha	2280
Kideko	2281
Kryder	2282
Kydd Jones	2283
Lil Pump	2284
Macklemore	2285
Martin Solveig	2286
Missy Elliott	2287
Moti	2288
New Found Glory	2289
No Malice	2290
Passion Pit	2291
Pretty Lights	2292
Project 46	2293
Purity Ring	2294
Reddish Blu	2295
Rico Nasty	2296
scarborough	2297
Scholito	2298
Seven Lions	2299
Skrillex	2300
Snakehips	2301
Stalley	2302
Statik Selektah	2303
The Blow	2304
Theophilus London	2305
Thomas Rhett	2306
Towkio	2307
Tut	2308
Wave Chapelle	2309
Yves V	2310
Zac Brown Band	2311
Monakr	2312
Rick Ross	2313
Philthy Rich	2314
Sylvan Esso	2315
Celia Cruz	2316
Crooked Colours	2317
Hoodrich Pablo Juan	2318
Ina Forsman	2319
Kap G	2320
Kiiara	2321
Kool G Rap	2322
Maiah Manser	2323
Nappy Roots	2324
Old Dominion	2325
Paul Wall	2326
Pell	2327
Popcaan	2328
Portugal. The Man	2329
Shawty Lo	2330
Shirt	2331
SOHN	2332
Talib Kweli	2333
The Cadillac Three	2334
The Social Club	2335
They.	2336
Topaz Jones	2337
Trae tha Truth	2338
Von Grey	2339
Well$	2340
X-Ecutioners	2341
Ween	2342
Glen Campbell	2343
A$AP Twelvyy	2344
James Brown	2345
James Brown & The Famous Flames	2346
Neil Young	2347
Halsey	2348
Tritonal	2349
Cloud Nothings	2350
DJ Quik	2351
Kaaze	2352
Kaskade	2353
Third Party	2354
Waka Flocka Flame	2355
Young Dolph	2356
Young Jeezy	2357
Jerry Garcia	2358
Phonte	2359
Plies	2360
Rich Homie Quan	2361
Youth Lagoon	2362
8Ball & MJG	2363
AZ	2364
Big Punisher	2365
Blue Healer	2366
Bob Seger	2367
Borgeous	2368
Brandy	2369
Cam'ron	2370
Casi	2371
Castlecomer	2372
Cazzette	2373
Charly Bliss	2374
Cherryade	2375
Chinah	2376
CHVRCHES	2377
Classixx	2378
Curren$y	2379
Dannic	2380
Darkdark	2381
Darnell Williams	2382
Dave East	2383
Derek Wise	2384
Different Persona	2385
Digital Farm Animals	2386
Dimitri Vangelis & Wyman	2387
Doomtree	2388
Elzhi	2389
EPMD	2390
Frances	2391
Funkadelic	2392
Garren Sean	2393
Goodbyetomorrow	2394
GZA/Genius	2395
J.U.S.T.I.C.E League	2396
Jay Hardway	2397
Jazz Cartier	2398
Jerry Folk	2399
Kenny Wayne Shepherd Band	2400
Keyshia Cole	2401
Kid Ink	2402
Kungs	2403
Marshmello	2404
MISUN	2405
Molly Moore	2406
Morgan Page	2407
Mothers	2408
Nat Kendricks And The Swans	2409
OG Maco	2410
Panama Wedding	2411
Petey Pablo	2412
QUAY DASH	2413
Raleigh Ritchie	2414
Raury	2415
Rozes	2416
Santigold	2417
Slaughterhouse	2418
Smoke DZA	2419
Solange	2420
St. Lucia	2421
Swet Shop Boys	2422
Take A Daytrip	2423
The Dip	2424
The Game	2425
The Great American Canyon Band	2426
The Lytics	2427
ThrKngs	2428
Torae	2429
Tunji Ige	2430
Uncle Kracker	2431
Young Chris	2432
Young M.A.	2433
Yung Joc	2434
Aesop Rock	2435
Elton John	2436
Blockhead	2437
Lake Street Dive	2438
Aron D'Alesio	2439
Baka Not Nice	2440
D.R.A.M.	2441
Demi Lovato	2442
Jaden Smith	2443
Jennifer Lopez	2444
Kilo Jones	2445
Lorde Sanctus	2446
Midnight Oil	2447
Miley Cyrus	2448
NAV	2449
NexXthursday	2450
Nydge	2451
Odesza	2452
P2X	2453
Playboi Carti	2454
Rostam	2455
Thomas Gold	2456
Tourist	2457
Ugly God	2458
Rich Boy	2459
UGK	2460
Sister Sparrow and the Dirty Birds	2461
DWNTWN	2462
Goodie Mob	2463
DMX	2464
Hannah Diamond	2465
Jo Stafford	2466
The Temptations	2467
Action Bronson	2468
Adian Coker	2469
Astrid S	2470
Barrett Strong	2471
Beta Frontiers	2472
Big Mike	2473
Brady Watt	2474
Bruce Springsteen	2475
Busta Rhymes	2476
Carly Rae Jepsen	2477
CVBZ	2478
Dan Auerbach	2479
Danny Sunshine	2480
Dark Rooms	2481
dead prez	2482
Dinah Washington	2483
DJ Shadow	2484
Donald O'Connor	2485
Erin McCarley	2486
Fred Astaire	2487
Gladys Knight & The Pips	2488
Gram Parsons	2489
Gravediggaz	2490
J Skillz	2491
Jay 305	2492
Jerry Vale	2493
Jorja Smith	2494
Joywave	2495
Julie London	2496
Justin Freeman	2497
Kacy Hill	2498
kandere	2499
Khalid	2500
London On Da Track	2501
Martha Reeves & The Vandellas	2502
Mary Wells	2503
Miguel	2504
Mondo Cozmo	2505
Mr. Little Jeans	2506
Pharoahe Monch	2507
QUEUE	2508
Sheer Mag	2509
Sorcha Richardson	2510
Souls of Mischief	2511
Taylor Swift	2512
The Four Tops	2513
The Miracles	2514
The Supremes	2515
Thy Slaughter	2516
Tom Petty and The Heartbreakers	2517
Vera Lynn	2518
Waylon Jennings	2519
Dwele	2520
A$AP Ferg	2521
Ginuwine	2522
Jaheim	2523
Manse	2524
Marvin Gaye	2525
The Jackson 5	2526
Dash Berlin	2527
Joe	2528
Illenium	2529
J. Holiday	2530
Lionel Richie	2531
Paris Blohm	2532
The Marvelettes	2533
30 Seconds to Mars	2534
Alpha 9	2535
Arston	2536
Axwell	2537
BlasterJaxx	2538
BoDeans	2539
Camp Lo	2540
Deniz Koyu	2541
DJDS	2542
DubVision	2543
Dzeko & Torres	2544
Fifth Harmony	2545
Gryffin	2546
Hardwell	2547
Jon Pardi	2548
JP Cooper	2549
P!nk	2550
Sultan + Shepard	2551
Death from Above 1979	2552
Case	2553
Scarface	2554
Love	2555
Sam Smith	2556
LCD Soundsystem	2557
Z-Ro	2558
Erykah Badu	2559
Fat Tony	2560
Jr. Walker & The All Stars	2561
Sauce Walka	2562
702	2563
Becky G	2564
Chris Rivers	2565
Czarface	2566
Dennis Edwards	2567
Diana Ross	2568
Dru Hill	2569
Hailee Steinfeld	2570
Jermaine Jackson	2571
Jodeci	2572
KeKe Wyatt	2573
Kelly Clarkson	2574
Lantlôs	2575
Lil Durk	2576
Maty Noyes	2577
Michael Jackson	2578
Montell Jordan	2579
Nothing	2580
Smokey Robinson and The Miracles	2581
The Doppelgangaz	2582
The Roots	2583
The Tallest Man on Earth	2584
The Velvelettes	2585
Tony Toni Toné	2586
Xscape	2587
Young Chop	2588
The Whistles and the Bells	2589
Alvan	2590
Olli	2591
Sam Feldt	2592
Aaron Taylor	2593
Alex Newell	2594
Ani DiFranco	2595
Anthony Hamilton	2596
Basement Jaxx	2597
Bassnectar	2598
Bear Hands	2599
Becca Mancari	2600
Big Gigantic	2601
Big Grams	2602
Bloodflower	2603
BONZAI	2604
Chali 2na	2605
Chastity Brown	2606
Chelsea Jade	2607
Christian Rich	2608
Cruels	2609
Dabin	2610
Daye Jack	2611
Dilly Dally	2612
Empress Of	2613
F L A C O	2614
Fmlybnd	2615
FO&O	2616
Freeway	2617
GoldLink	2618
Gotts Street Park	2619
Hannah Lucia	2620
Henrik Freischlader	2621
HMU	2622
Houndmouth	2623
Ibeyi	2624
Ishi	2625
Jacques Greene	2626
John Lucas	2627
Juelz Santana	2628
Julie Bergan	2629
K. Michelle	2630
Kamau	2631
Kate Boy	2632
Kiya Lacey	2633
Lakuta	2634
Lecrae	2635
liminl	2636
Little Mix	2637
Lizzo	2638
LNDN DRGS	2639
Lo Tom	2640
Marilyn Manson	2641
Mas Ysa	2642
Max B	2643
Metro Boomin	2644
Miamigo	2645
MOVING PANORAMAS	2646
Myrornas krig	2647
Nice As Fuck	2648
Nina K	2649
Paris	2650
Pickwick	2651
Repartee	2652
Riz La Vie	2653
Runway Richy	2654
S.Y.P.H.	2655
Samantha Urbani	2656
Shakey Graves	2657
Snow Tha Product	2658
Sturgill Simpson	2659
Swavay	2660
The Districts	2661
The Mynabirds	2662
The World Famous Tony Williams	2663
Tinashe	2664
Travis Mendes	2665
Trippie Redd	2666
Until the Ribbon Breaks	2667
Vhs Collection	2668
Vicky-T	2669
Vulfpeck	2670
Wolf Alice	2671
Wolfie	2672
Wyclef Jean	2673
Zach Winters	2674
ZelooperZ	2675
Zion I	2676
G-Eazy	2677
PeeWee Longway	2678
Ray Novacane	2679
Aisha Badru	2680
Benny Cassette	2681
Boniface	2682
Caroline Høier	2683
Chuuwee	2684
Cindy Wilson	2685
Conrad Clifton	2686
DJ Kay Slay	2687
Kotomi	2688
Leikeli47	2689
lophiile	2690
Lucky Soul	2691
Noah Kin	2692
Noble Oak	2693
Partner	2694
Pykäri	2695
Rosemary Fairweather	2696
Simen Mitlid	2697
The Pheels	2698
The Range	2699
vivienxo	2700
Vox Eagle	2701
Waterbed	2702
A BOOGIE WIT DA HOODIE	2703
PARTYNEXTDOOR	2704
Petit biscuit	2705
PRETTYMUCH	2706
Why Don't We	2707
Fleetwood Mac	2708
Kate Bush	2709
Charlie Wilson	2710
Darien Brockington	2711
The Gap Band	2712
Tom Petty	2713
Carl Thomas	2714
Big K.R.I.T.	2715
Donell Jones	2716
Earl Sweatshirt	2717
Gente de Zona	2718
Nicky Jam	2719
112	2720
Abra	2721
Alina Baraz	2722
At the Drive-In	2723
Atlantic Starr	2724
Black Rob	2725
Bobby Brown	2726
Chino & Nacho	2727
Crime Mob	2728
Daddy Yankee	2729
Do Or Die	2730
Don Omar	2731
Echosmith	2732
Enrique Iglesias	2733
Fabolous	2734
Fefe Dobson	2735
Grace VanderWaal	2736
Grey	2737
Hi-Five	2738
Jagged Edge	2739
Jim Jones	2740
Jon B.	2741
Joni Mitchell	2742
Juvenile	2743
Leela James	2744
Lil' Wayne	2745
Lit	2746
Marc Anthony	2747
Marc E. Bassy	2748
Maren Morris	2749
Maroon 5	2750
Maya B	2751
Murda Beatz	2752
Pimp C	2753
Prince Royce	2754
Ricky Martin	2755
Robin Schulz	2756
Romeo Santos	2757
Sam Lewis	2758
Sebastian Yatra	2759
Stevie Nicks	2760
Styles P	2761
Tevin Campbell	2762
Thalía	2763
The Diplomats	2764
Third Eye Blind	2765
Three 6 Mafia	2766
Tory Lanez	2767
Young Buck	2768
David Banner	2769
Nero	2770
Celeste	2771
Lightning Bolt	2772
Tribulation	2773
Låpsley	2774
Modestep	2775
Feed Me	2776
JAY-Z	2777
Kill the Noise	2778
Oh Wonder	2779
Porter Robinson	2780
Sampha	2781
Vallis Alps	2782
Cali & El Dandee	2783
Carlos Vives	2784
David Byrne	2785
IAmChino	2786
J Balvin	2787
Joey Montana	2788
Kllo	2789
Lunice	2790
Maggie Rogers	2791
Maluma	2792
Michael Da Vinci	2793
MisterWives	2794
Rationale	2795
Sonny Digital	2796
Ug Vavy	2797
Yelawolf	2798
Son Little	2799
Kamasi Washington	2800
Aaron Livingston	2801
RJD2	2802
Dagny	2803
Chris Stapleton	2804
Peking Duk	2805
Adele	2806
Andra Day	2807
Babygirl	2808
Big Wild	2809
Blanca	2810
Blu & Exile	2811
Brenmar	2812
Brika	2813
Dai Burger	2814
Daya	2815
DiAmond Miller	2816
Dillon Francis	2817
Don Mykel	2818
DVSN	2819
El Michels Affair	2820
Gary Clark Jr.	2821
Grace	2822
Hank Williams Jr.	2823
HASEEB	2824
How to Dress Well	2825
Jacob Banks	2826
Jane XØ	2827
Jason Aldean	2828
Kacey Musgraves	2829
Kevin Morby	2830
Kip Moore	2831
Kygo	2832
Lady Wray	2833
Leon Bridges	2834
Logan Paul	2835
Lost Kings	2836
Louis Tomlinson	2837
Luke Bryan	2838
Mark Ronson	2839
Mestizo	2840
Mike Floss	2841
MORTEN	2842
Moses Sumney	2843
Niall Horan	2844
Postiljonen	2845
Rita Ora	2846
St. Paul & The Broken Bones	2847
Steve Earle	2848
Switch Summer	2849
TEDY ANDREAS	2850
The Vamps	2851
Tom Walker	2852
Tracy Bonham	2853
Yussef Kamaal	2854
ZGTO	2855
Ty Dolla $ign	2856
Skepta	2857
Kyle Dixon	2858
Phoebe Ryan	2859
Wet	2860
Allie X	2861
And The Kids	2862
Arwai	2863
Broods	2864
Bryson Tiller	2865
Devo	2866
Janelle Monáe	2867
Jhené Aiko	2868
John Moreland	2869
London Grammar	2870
MADEINTYO	2871
Majid Jordan	2872
Olivia Newton-John	2873
PNB Rock	2874
Rachel Platten	2875
Ryan Adams	2876
Sasha Sloan	2877
Selena Gomez	2878
Sia	2879
Steven A. Clark	2880
T-Pain	2881
The Lonely Island	2882
Tove Styrke	2883
Trooper	2884
Wale	2885
Zola Jesus	2886
Sorcerer	2887
Fever Ray	2888
Gabriel Black	2889
Robyn	2890
Sylo Nozra	2891
Alabama Shakes	2892
Betty Who	2893
Corinne Bailey Rae	2894
Curtis Harding	2895
David Guetta	2896
Offset	2897
Ace Hood	2898
Aly & AJ	2899
Anderson East	2900
Bad Bunny	2901
Bahamas	2902
Big Sean	2903
Billy Joel	2904
Bon Iver	2905
Cat Clyde	2906
Charles Hamilton	2907
CyHi The Prynce	2908
Disclosure	2909
Etta James	2910
Faces	2911
Father John Misty	2912
Feist	2913
Fleet Foxes	2914
Frankie Valli	2915
Girlhood	2916
India.Arie	2917
Jefferson Airplane	2918
Jimmy Durante	2919
k?d	2920
Kailee Morgue	2921
Kxng Crooked	2922
Like a Man	2923
Lil Wop17	2924
Lil Xan	2925
Lord Huron	2926
Michael Kiwanuka	2927
Neil Diamond	2928
Ofelia K	2929
Olivia O'Brien	2930
Parker Millsap	2931
Petula Clark	2932
Rain Man	2933
Redrum	2934
Ria Mae	2935
Rich Jones	2936
Shallou	2937
Shawn Mendes	2938
Simon & Garfunkel	2939
Smino	2940
The Archies	2941
The Five Stairsteps	2942
The Foundations	2943
The Head and the Heart	2944
The Lumineers	2945
The Mamas & the Papas	2946
The Middle East	2947
The Monkees	2948
The Rascals	2949
The Turtles	2950
The Young Rascals	2951
Tim Gent	2952
Tom Waits	2953
TUNJI IGE & ILOVEMAKONNEN	2954
U2	2955
Unlike Pluto	2956
Urban Cone	2957
Valerie June	2958
Van Morrison	2959
Willow	2960
Yaeji	2961
Cloak	2962
Chromeo	2963
The Whispers	2964
Kamaiyah	2965
Little Brother	2966
Morphine	2967
Gatecreeper	2968
Khemmis	2969
Walk the Moon	2970
Alae	2971
Alejandro Escovedo	2972
Ana Bárbara	2973
Anna of the North	2974
Beastmaker	2975
Blitzen Trapper	2976
Brothers from Another	2977
Buddy	2978
Cults	2979
Cut Copy	2980
Dawes	2981
God Colony	2982
Grouplove	2983
iZNiiK	2984
Jim James	2985
Jory Boy	2986
Kaoma	2987
Lawrence Rothman	2988
Ledisi	2989
Los Fabulosos Cadillacs	2990
M. Ward	2991
Manchester Orchestra	2992
Mariana Seoane	2993
Matthew Dear	2994
O MER	2995
Oliver	2996
Osmani Garcia "La Voz"	2997
Pom Poko	2998
Raphael Saadiq	2999
Riga Tiger	3000
Sam Dew	3001
Sigrid	3002
Sly & The Family Stone	3003
Somewhere Else	3004
Suad	3005
Sumerlands	3006
The Band of Heathens	3007
The Naked and Famous	3008
The SteelDrivers	3009
The Texas Gentlemen	3010
The Wood Brothers	3011
Todd Snider	3012
Trick Daddy	3013
Vic Mensa	3014
Weaver	3015
Whiskeytown	3016
Avery*Sunshine	3017
Angel Haze	3018
Antwon	3019
araabMUZIK	3020
ASTR	3021
AvatarDarko	3022
Bethlehem Steel	3023
Big Thief	3024
BLU J VIP	3025
Briana Marela	3026
Caleborate	3027
Clams Casino	3028
D'Angelo	3029
David Ramirez	3030
deadmau5	3031
Deante' Hitchcock	3032
Denai Moore	3033
Diplo	3034
Diplo & Sleepy Tom	3035
Don Philippe	3036
Eirik Aas	3037
Emily Haines & The Soft Skeleton	3038
Faith Evans	3039
Fantasia	3040
Fetty Wap	3041
Feynman	3042
Fletcher	3043
Giraffage & Slow Magic	3044
Hanne Hukkelberg	3045
Jazmine Sullivan	3046
Jelani Blackman	3047
Kiesza	3048
Kindred The Family Soul	3049
King Henry	3050
Lars Vaular	3051
Luniz	3052
Luster	3053
Machine Gun Kelly	3054
Maggie Lindemann	3055
Meyhem Lauren	3056
Midnight To Monaco	3057
Musiq	3058
Nadine	3059
Noah Gundersen	3060
Raheem DeVaughn	3061
rei so la	3062
Robert Plant	3063
Shelita Burke	3064
Shya	3065
Silk 86	3066
Spaze Windu	3067
suicideyear	3068
The Dave Brubeck Quartet	3069
The Fits	3070
The National	3071
TWELVE'LEN	3072
Violents	3073
Weekend Money	3074
The Knife	3075
Nebu Kiniza	3076
Anderson .Paak	3077
Apollo Brown	3078
Bobby Caldwell	3079
En Vogue	3080
Fuego	3081
Guapdad 4000	3082
James Tillman	3083
Jordan Mackampa	3084
Keith Sweat	3085
Los Angeles Police Department	3086
Nxworries	3087
Russ	3088
Sheck Wes	3089
The Barr Brothers	3090
Tyrese	3091
Hootie & The Blowfish	3092
A Taste Of Honey	3093
Rome Fortune	3094
Bad Rabbits	3095
Brick	3096
McFadden & Whitehead	3097
Sister Sledge	3098
Tom Browne	3099
ABBA	3100
Active Child	3101
Andy Williams	3102
Azymuth	3103
Bananarama	3104
Brothers Johnson	3105
Cautious Clay	3106
Coastal	3107
Cold War Kids	3108
Curtis Mayfield	3109
Dan Kye	3110
Daniel Romano	3111
Denroy Morgan	3112
Dhani Harrison	3113
Electric Guest	3114
frills	3115
Generationals	3116
George Benson	3117
Ghost	3118
Heems	3119
Herb Alpert	3120
iLoveMakonnen	3121
Inner Life	3122
James Ingram	3123
Janet Jackson	3124
Jay2	3125
José Feliciano	3126
Jr Jr	3127
Julia Lewis	3128
Junie Morrison	3129
Lolo Zouaï	3130
lorenzo_bitw	3131
Luke James	3132
Madonna	3133
Manus	3134
Marcos Valle	3135
Mariah Carey	3136
Midnight Star	3137
Mikhael Paskalev	3138
Ne-Hi	3139
Nohelani Cypriano	3140
Pleasure	3141
Poliça	3142
Populous	3143
Rina Mushonga	3144
Sarah Vaughan	3145
Sebastian Ingrosso	3146
Simian Ghost	3147
Snoh Aalegra	3148
Still Woozy	3149
The Flavr Blue	3150
Toby Green	3151
Tom Tripp	3152
Walker Lukens	3153
Wanderléa	3154
WebsterX	3155
John Prine	3156
Woe	3157
Pallbearer	3158
Perry Como	3159
Band Aid	3160
Jax Jones	3161
KIll J	3162
Vince Guaraldi Trio	3163
3LAU	3164
Algiers	3165
Area21	3166
Astronoid	3167
BC Unidos	3168
Beanie Sigel	3169
Benjamin Booker	3170
Bo Rocha	3171
Bobby Helms	3172
Boyz II Men	3173
BRÅVES	3174
Brenda Lee	3175
Bully	3176
Burl Ives	3177
Chief Keef	3178
Chloe Flower	3179
Chris Rea	3180
Courtney Barnett	3181
Desiigner	3182
Donny Hathaway	3183
Eartha Kitt	3184
Gene Autry	3185
Grizzly Bear	3186
Irving Berlin	3187
Jadakiss	3188
Jenn Champion	3189
John Lennon	3190
KWAYE	3191
Manast LL'	3192
Mesita	3193
Mykola Dmytrovych Leontovych	3194
Now, Now	3195
Paul McCartney	3196
Power Trip	3197
ratboy	3198
Silversun Pickups	3199
Sleigh Bells	3200
Syd	3201
The Platters	3202
The Preatures	3203
The Weeknd	3204
Thurl Ravenscroft	3205
Torres	3206
What So Not	3207
White Lung	3208
Yellow Claw	3209
YoungBoy Never Broke Again	3210
Sophie	3211
Zaytoven	3212
Carpenters	3213
Creek Boyz	3214
Everything Is Recorded	3215
Spirit Adrift	3216
Baum	3217
Bryce Vine	3218
Dreezy	3219
Starrah	3220
Sunni Colón	3221
Tegan and Sara	3222
tUnE-yArDs	3223
047	3224
Black Milk	3225
Bubba Sparxxx	3226
Carnage	3227
Cass McCombs	3228
courtship.	3229
Dean Martin	3230
Finlay	3231
Flosstradamus	3232
Foster the People	3233
Hayden James	3234
Jackson Browne	3235
James Taylor	3236
Janelle Kroll	3237
joe fox	3238
John Hiatt	3239
Judy Garland	3240
Life of Dillon	3241
Little Dragon	3242
Lou Monte	3243
Louis The Child	3244
MAGNIFICENCE	3245
Michael Kaneko	3246
Miranda Lambert	3247
Muna	3248
Owen Rabbit	3249
Pierce Fulton	3250
Ribongia	3251
Shane Eli	3252
Sharaya Summers	3253
Sufjan Stevens	3254
SZA	3255
Tedeschi Trucks Band	3256
Trey Songz	3257
Troy Ave	3258
Uncle Tupelo	3259
Wafia	3260
Wes Period	3261
Weslee	3262
WIINSTON	3263
Brutus	3264
Cormorant	3265
Alpha Omega	3266
Babe	3267
Chairlift	3268
Fitz and the Tantrums	3269
Flock of Dimes	3270
G Yamazawa	3271
Golden Youth	3272
Hibou	3273
Huncho Jack	3274
Joe Hertler & the Rainbow Seekers	3275
Kaleo	3276
Karyn White	3277
Low Cut High Tops	3278
Marian Hill	3279
Monsieur Adi	3280
PANTyRAiD	3281
Pill	3282
RY-LO	3283
Shawn Chrystopher	3284
SpaceGhostPurrp	3285
Stamen	3286
Tina Turner	3287
Revocation	3288
Farruko	3289
Keys N Krates	3290
Ace Hashimoto	3291
alius	3292
Anders	3293
Andrew Applepie	3294
Bay Swag	3295
Caitlyn Scarlett	3296
Chloe x Halle	3297
Chris Webby	3298
Faustix	3299
Felix Jaehn	3300
Goldwater	3301
iLLvibe	3302
James Blake	3303
Jeremy Fisher	3304
Jinka	3305
José González	3306
Kauf	3307
Kokiri	3308
LoCash	3309
MNDR	3310
Raindear	3311
rochester	3312
Salute	3313
San Holo	3314
Sense	3315
Sinclair	3316
SoMo	3317
Stephen Oaks	3318
Stevie Wolf	3319
Taylor Bennett	3320
Trouble	3321
Two Friends	3322
Villette	3323
Who Came After	3324
Xander	3325
Young Killer	3326
Zeds Dead	3327
X	3328
DeBarge	3329
Colter Wall	3330
Chelsea Wolfe	3331
Aretha Franklin	3332
Wilson Pickett	3333
Arthur Conley	3334
Ben E. King	3335
Jim Croce	3336
Randy Crawford	3337
Steely Dan	3338
Baby Huey & The Baby Sitters	3339
Billy Paul	3340
Bobby Womack	3341
Bonnie Raitt	3342
Booker T. & the MG's	3343
Carole King	3344
Chic	3345
Crosby, Stills, Nash & Young	3346
Eagles	3347
Eddie Floyd	3348
Graham Nash	3349
Gwen McCrae	3350
Jaunt	3351
Jeanne & The Darlings	3352
Joey Purp	3353
K’Valentine	3354
King Curtis	3355
Little River Band	3356
Los Del Rio	3357
Mabel	3358
Mase	3359
NAYA ALI	3360
Nick Hook	3361
Otis Redding	3362
Percy Sledge	3363
Plan B	3364
Ransom	3365
Ray Charles	3366
Sam & Dave	3367
Slow Meadow	3368
Strawberry Runners	3369
Tennis	3370
The Band	3371
The Bar-Kays	3372
The Capitols	3373
The Coasters	3374
The Shins	3375
Traffic	3376
Wendy Rene	3377
Wilco	3378
Wye Oak	3379
Jimmie's Chicken Shack	3380
Carl Ditters von Dittersdorf	3381
Rugby Wild	3382
Carl Philipp Emanuel Bach	3383
Carl Stamitz	3384
Giovanni Battista Sammartini	3385
Luigi Boccherini	3386
William Boyce	3387
Wolfgang Amadeus Mozart	3388
Ben Zaidi	3389
Clarence Clarity	3390
Dizzy	3391
king garbage	3392
Litany	3393
Matt Mays	3394
Nate Husser	3395
Oddnesse	3396
Quicksand	3397
Shamir	3398
snny	3399
The Aces	3400
UQiYO	3401
Vintage Lee	3402
Yeah Yeah Yeahs	3403
Camila Cabello	3404
Common	3405
Conya Doss	3406
Etta Bond	3407
Gizmo	3408
Jay Rock	3409
Lewis Taylor	3410
Mingo Fishtrap	3411
Robert Parker	3412
Saba	3413
Shredders	3414
Stick Figure	3415
Sunshine Anderson	3416
Tay Walker	3417
Tera Melos	3418
The Dirty Heads	3419
The Rooks	3420
Tribal Seeds	3421
Valee	3422
Z money	3423
Wisin	3424
Morgan Saint	3425
Powers	3426
Alexis y Fido	3427
Chyno Miranda	3428
Gadiel	3429
Miya Folick	3430
Ozuna	3431
Playa Limbo	3432
Yandel	3433
6ix9ine	3434
Alex Mali	3435
Axel Flovent	3436
Bakermat	3437
Bebe Rexha	3438
Bill Withers	3439
Breathe Carolina	3440
Brunelle	3441
Caitlyn Smith	3442
CamelPhat	3443
Cashmere Cat	3444
CASisDEAD	3445
Cosculluela	3446
Craig David	3447
DJ Xquizit	3448
Dropgun	3449
Dyland & Lenny	3450
Ed Sheeran	3451
Elley Duhé	3452
Emma Bale	3453
Fair Maiden	3454
Famous Dex	3455
Fey	3456
Franco "El Gorilla"	3457
GASHI	3458
Gavin James	3459
Jacob Forever	3460
Jadiel	3461
johnny balik	3462
Kamillion	3463
Keith Urban	3464
Kevin George	3465
Kings of Leon	3466
Kita Alexander	3467
Labrinth	3468
Lanco	3469
Legarda	3470
Leo Stannard	3471
Lido	3472
Linnea Henriksson	3473
Lotus x Montis	3474
María José	3475
Marnik	3476
Max	3477
MK	3478
Mount Kimbie	3479
NF	3480
Page Kennedy	3481
Parquet Courts	3482
Parson James	3483
Pnau	3484
Rag'n'Bone Man	3485
Regina Spektor	3486
Rejjie Snow	3487
Rich the Kid	3488
Ron Reeser	3489
Rooverb	3490
Ruth B.	3491
SG TIP	3492
St. Beauty	3493
Steve Angello	3494
Tall Heights	3495
The Script	3496
The Spencer Lee Band	3497
TiDUS	3498
Tito "El Bambino"	3499
Trinidad James	3500
Villa	3501
Wrabel	3502
Xriz	3503
Yung Mal	3504
Global Dan	3505
Madison McFerrin	3506
Autograf	3507
Rhye	3508
6 dogs	3509
Bazzi	3510
CeeLo Green	3511
Charlotte Lawrence	3512
Cuco	3513
DROELOE	3514
Ferras	3515
Handsome Ghost	3516
Hazers	3517
Inspectah Deck	3518
Jack White	3519
Kent Jones	3520
Maths Time Joy	3521
NO1-NOAH	3522
Sting	3523
Sunloverz	3524
Teenage Wrist	3525
Witchdoctor	3526
Busty and the Bass	3527
Kittie	3528
Nocando	3529
Christian Scott aTunde Adjuah	3530
Royce da 5'9"	3531
Vindata	3532
Astronautalis	3533
Big Bank	3534
Blocboy JB	3535
Code Orange	3536
Donnie Castle	3537
Friendship	3538
I.Am.Tru.Starr	3539
Iglooghost	3540
Jaws of Love.	3541
Joe Lefty	3542
K Rizz	3543
Lando Chill	3544
Magic City Hippies	3545
Maribou State	3546
Nao	3547
Naughty Professor	3548
Nnamdi Ogbonnaya	3549
Nosaj Thing	3550
Ogechi	3551
Próxima Parada	3552
PVRIS	3553
Rachel Maria Cox	3554
Swan Lingo	3555
Thutmose	3556
Ultraship	3557
Neutral Milk Hotel	3558
Kimbra	3559
Mali Music	3560
Talking Heads	3561
Blue Americans	3562
Gallant	3563
Hot Chip	3564
90's kids	3565
A Blaze Of	3566
A-Trak	3567
Afrojack	3568
Aldous Harding	3569
Alex Adair	3570
Allan Rayman	3571
Angus & Julia Stone	3572
Billy Stewart	3573
BJ The Chicago Kid	3574
Blanco White	3575
BØRNS	3576
Brantley Gilbert	3577
Charlie Cunningham	3578
Chelsea Cutler	3579
Chris Jeday	3580
David Pablo	3581
Dermot Kennedy	3582
Fionn Regan	3583
First Aid Kit	3584
G Herbo	3585
Geto Boys	3586
I'm With Her	3587
Jamiroquai	3588
Jaychef	3589
John Newman	3590
Kelsy Karter	3591
Kim Petras	3592
Lady Gaga	3593
Lamorne Morris	3594
Langhorne Slim	3595
Lauv	3596
League of Legends	3597
Lewis Capaldi	3598
Michael Brun	3599
Mike Jones	3600
Mipso	3601
Mt. Joy	3602
Nelly	3603
Nessly	3604
Novo Amor	3605
Pink Flamingo Rhythm Revue	3606
PJ Morton	3607
Rhiannon Giddens	3608
Ronny J	3609
SAINt JHN	3610
Screaming Females	3611
Sean Paul	3612
Sofia Carson	3613
Stadiumx	3614
Starchild & the New Romantic	3615
T.Y.E	3616
Tei Shi	3617
The Ballroom Thieves	3618
Vance Joy	3619
Volt & State	3620
Whitney	3621
Xenia Rubinos	3622
YG	3623
Young Dro	3624
YoungR	3625
Zoe Nash	3626
Maxo Kream	3627
U.S. Girls	3628
Berner	3629
5 Seconds of Summer	3630
Adventure Club	3631
Andre Nickatina	3632
John Dahlbäck	3633
Josh Turner	3634
Knox Fortune	3635
Krewella	3636
NERVO	3637
Sigala	3638
slushii	3639
The Cool Kids	3640
Alpharock	3641
Audien	3642
Brandy Clark	3643
Bun B	3644
Buy Muy Drugs	3645
Cid	3646
Disco Fries	3647
Don Trip	3648
Dubee	3649
E-40	3650
Eli Young Band	3651
Hunter Hayes	3652
ian sweet	3653
Imagine Dragons	3654
Inpetto	3655
Jerrod Niemann	3656
Josh Abbott Band	3657
Kelsea Ballerini	3658
Kiah Victoria	3659
King Princess	3660
Kshmr	3661
Leslie Odom Jr.	3662
Little Big Town	3663
Madison Mars	3664
MNEK	3665
Njomza	3666
Ookay	3667
Raye	3668
Said The Sky	3669
Sidney Gish	3670
Swanky Tunes	3671
The Knocks	3672
Tish Hyman	3673
Tongues.	3674
tyDi	3675
Vicetone	3676
Will Joseph Cook	3677
Young Galaxy	3678
DJ Khaled	3679
Anna Wise	3680
At the Gates	3681
Basecamp	3682
Billy Ray Cyrus	3683
Foreign Air	3684
Gesaffelstein	3685
Jay Boogie	3686
letlive.	3687
Ryn Weaver	3688
Swae Lee	3689
The Flying Burrito Brothers	3690
Vaz	3691
03 Greedo	3692
Cage	3693
Brandi Carlile	3694
Bermuda Triangle	3695
Johann Sebastian Bach	3696
Zacari	3697
Ab-Soul	3698
Alison Wonderland	3699
AmbI Lyrics	3700
Armand Hammer	3701
Arvo Pärt	3702
Blac Rabbit	3703
Bond St. District	3704
Caroline Rose	3705
Claude Debussy	3706
deem spencer	3707
Deva Mahal	3708
Doap Nixon	3709
Ella Mai	3710
Eric Roberson	3711
Frédéric Chopin	3712
Giuseppe Verdi	3713
Gustav Holst	3714
Henry Purcell	3715
HOLYCHILD	3716
Injury Reserve	3717
Johann Strauss II	3718
Johnny Yukon	3719
JP Saxe	3720
Laidback Luke	3721
loote	3722
Marina & the Diamonds	3723
Mavado	3724
Merlin	3725
Michael Nyman	3726
Mike Will Made-It	3727
Montero	3728
Mozzy	3729
Otoboke beaver	3730
Pyotr Ilyich Tchaikovsky	3731
remmi	3732
Robert Schumann	3733
Rudy Mancuso	3734
Sabrina Claudio	3735
Sampa The Great	3736
San Fermin	3737
SOB x RBE	3738
Tech N9ne	3739
The Alchemist	3740
The Avalanches	3741
The Coup	3742
The Staves	3743
Turnstile	3744
Umphrey's McGee	3745
Why?	3746
wifisfuneral	3747
Years & Years	3748
Craig Morgan	3749
Anna Lunoe	3750
Banx & Ranx	3751
Charlie Puth	3752
Chris McClenney	3753
Dana Vaughns	3754
DJ Envy	3755
Gang of Youths	3756
Gundelach	3757
Kasbo	3758
Lil Dicky	3759
Mat Kearney	3760
Robert Francis	3761
Sabrina Carpenter	3762
Saweetie	3763
Sway Clarke	3764
The Fratellis	3765
Paul Simon	3766
Obie Trice	3767
9TH WARD	3768
Hozier	3769
Bootsy Collins	3770
Freedom Fry	3771
Of Monsters and Men	3772
ralo	3773
Young Scooter	3774
Allman Brown	3775
Arthur Wimble	3776
Barry Louis Polisar	3777
Beta Radio	3778
Bibio	3779
Blac Youngsta	3780
Caamp	3781
Carmada	3782
Clipse	3783
D J.Y.A.	3784
Darlingside	3785
Dead Man Winter	3786
Declan McKenna	3787
Deer Tick	3788
Devarrow	3789
DG Yola	3790
Diana Gordon	3791
Dustin Tebbutt	3792
Edward Sharpe & The Magnetic Zeros	3793
Emil Landman	3794
Ezra Vine	3795
Foy Vance	3796
Fruit Bats	3797
Good Old War	3798
Graham Colton	3799
Half Moon Run	3800
Hein Cooper	3801
Iggy Azalea	3802
Jazze Pha	3803
Joseph	3804
Kishi Bashi	3805
Lucius	3806
Magic Giant	3807
Matt Pond PA	3808
Radical Face	3809
Rocko	3810
Shovels & Rope	3811
Skooly	3812
Soft Lit	3813
The Harmaleighs	3814
The Revivalists	3815
The Secret Sisters	3816
The War and Treaty	3817
The Wind and the Wave	3818
This Is the Kit	3819
Twin Forks	3820
YFN Lucci	3821
Young Pines	3822
Bastille	3823
Brennin	3824
Brooke Evers	3825
Caleb Caudle	3826
Chris Lane	3827
DallasK	3828
Denny White	3829
dj drizzle	3830
Dj Esco	3831
Filmore	3832
Frenship	3833
Jacob Powell	3834
Jameson Rodgers	3835
Joe Moses	3836
Justin Bieber	3837
Liam Payne	3838
Mariana Bo	3839
Morgan Evans	3840
Ralph Felix	3841
Riton	3842
Strangers You Know	3843
Termanology	3844
Tommie Sunshine	3845
Vigiland	3846
N.O.R.E.	3847
Sizzla	3848
Dolly Parton	3849
Big Freedia	3850
Dr. Dog	3851
Anish Sood	3852
Brierley	3853
Cody Johnson	3854
Eelke Kleijn	3855
Eskai	3856
Fendi	3857
Fisher	3858
Giraffes? Giraffes!	3859
Holl & Rush	3860
Jessie James Decker	3861
Mosie	3862
Netherfriends	3863
Open Mike Eagle	3864
Ryan Leslie	3865
Seizo	3866
Sinead Harnett	3867
Sucré	3868
Syn Cole	3869
Yolanda Be Cool	3870
Ravyn Lenae	3871
Tierra Whack	3872
Khea	3873
Quinn XCII	3874
Alice Merton	3875
Azealia Banks	3876
Band of Horses	3877
BAYNK	3878
De La Ghetto	3879
Dimelo Flow	3880
Eladio Carrion	3881
Harrison Brome	3882
Honne	3883
Jon Z	3884
JOYNER LUCAS	3885
Mallrat	3886
Natti Natasha	3887
Nicki Minaj	3888
Niña Dioz	3889
Odie	3890
Paulo Londra	3891
Rels B	3892
Spiff TV	3893
TYS Musica	3894
Jeff Rosenstock	3895
Flatbush ZOMBiES	3896
Kali Uchis	3897
No Age	3898
Zaki Ibrahim	3899
Peggy Gou	3900
Anne-Marie	3901
Bell's Roar	3902
Blood Orange	3903
Craig Finn	3904
Cut Chemist	3905
DJ Taye	3906
Erik Blood	3907
H.E.R.	3908
Kiasmos	3909
Krrum	3910
Lykke Li	3911
Margaret Glaspy	3912
Mereba	3913
Phil Cook	3914
Sitcom	3915
The Courage	3916
The Moondoggies	3917
Panopticon	3918
Riah	3919
Elefante	3920
Freddie Gibbs	3921
As We Spoke	3922
Bantug	3923
Cassadee Pope	3924
Devin Dawson	3925
Govs	3926
Jeff Beck	3927
Jimmy Ruffin	3928
Marlene	3929
Netsky	3930
pr0files	3931
RKCB	3932
Roc Marciano	3933
Samm Henshaw	3934
Serena Ryder	3935
Starlito	3936
Duck Sauce	3937
Gunna	3938
Eve	3939
A$AP Mob	3940
Burns	3941
Mandolin Orange	3942
A.A.L	3943
AC Slater	3944
Alex Frankel	3945
Alfie Templeman	3946
Andrew W.K.	3947
Arthur	3948
Barrie	3949
BEATchild	3950
Brandon Ares	3951
Chantel Jeffries	3952
Charlotte Day Wilson	3953
Christina Aguilera	3954
Dave Rawlings Machine	3955
Denzel Curry	3956
Elan Tamara	3957
Flee	3958
Girlpool	3959
Glass Animals	3960
IDK	3961
Ingrid Michaelson	3962
Jess Glynne	3963
Jessie Reyez	3964
Juice WRLD	3965
lil skies	3966
lojii	3967
Loopers	3968
Loyal	3969
Madison Beer	3970
Matisse & Sadko	3971
Michael Christmas	3972
MONO CLUB	3973
Nacho Picasso	3974
Patty Griffin	3975
PNTHN	3976
Preme	3977
Rayland Baxter	3978
Sea Moya	3979
serpentwithfeet	3980
SkuFL	3981
Sly5thAve	3982
Sonnymoon	3983
Tatiana Hazel	3984
The Avett Brothers	3985
The Wild Reeds	3986
Tobe Nwigwe	3987
Tunde Olaniran	3988
Yung Baby Tate	3989
Zara Larsson	3990
Iceage	3991
DJ Koze	3992
jj	3993
The Paper Kites	3994
James Arthur	3995
Preoccupations	3996
Priests	3997
Quentin Earl Darrington	3998
Yungen	3999
Alan Jackson	4000
Brandon Lay	4001
Brooks & Dunn	4002
Brothers Osborne	4003
Diamond Rio	4004
George Strait	4005
Granger Smith	4006
Jacob Bryant	4007
Jordan Davis	4008
Josh Mirenda	4009
Luke Combs	4010
Phoebe Bridgers	4011
Sam Hunt	4012
Shania Twain	4013
Tim McGraw	4014
Tracy Byrd	4015
Vince Gill	4016
Alma	4017
Danny Brown	4018
Gil Scott-Heron	4019
Mystikal	4020
Parliament	4021
Project Pat	4022
Snow	4023
The 2 Bears	4024
Bungalow	4025
Nathaniel Rateliff & the Night Sweats	4026
Stillhound	4027
Sunflower Bean	4028
Xan Young	4029
Smif-N-Wessun, Pete Rock	4030
The Underachievers	4031
The Vines	4032
Fantastic Negrito	4033
Patsy Cline	4034
Jack Johnson	4035
O.A.R.	4036
Diana Ross and the Supremes	4037
Brenda Holloway	4038
Kenny Chesney	4039
Vertical Horizon	4040
Alessia Cara	4041
Baauer	4042
Cold	4043
Davnnk	4044
Dewaldo	4045
Dirty Projectors	4046
importmedia	4047
Kavv	4048
Mary J. Blige	4049
Nokiaa	4050
_mario	4051
.sinh	4052
Amy Shark	4053
Birocratic	4054
Bluestaeb	4055
BLVK	4056
Boz Scaggs	4057
Braxton Cook	4058
Brous One	4059
Buddy Guy	4060
Christone "Kingfish" Ingram	4061
Dana Fuchs	4062
Densky9	4063
Druid	4064
Dust Collectors	4065
Eevee	4066
Elaquent	4067
goldenninjah	4068
Green Assassin Dollar	4069
GwaiLow	4070
Gyvus	4071
Hall & Oates	4072
Huez	4073
jaeden camstra	4074
JMSN	4075
Joe Bonamassa	4076
kiefer	4077
L'indécis	4078
LAKEY INSPIRED	4079
leplezett	4080
Matt Quentin	4081
Mike Zito	4082
Milky Fella	4083
Mr. Goldenfold.	4084
Mr. Probz	4085
Mr.Shn	4086
Oribu	4087
otesla	4088
PARKSZ	4089
Pusha T	4090
Ra Ra Raj	4091
spd.	4092
STRAANGE	4093
Super Secret Lo-Fi Beat Collective	4094
TIDES.	4095
Twenty One Pilots	4096
Tyga	4097
Yazmin Lacey	4098
yeyts.	4099
Midland	4100
The Carters	4101
glades	4102
YOKE LORE	4103
Moglii	4104
Exes	4105
Golden Vessel	4106
Jackie Venson	4107
Jai Wolf	4108
Aaron Cohen	4109
Amber London	4110
AyokAy	4111
Dej Loaf	4112
Dierks Bentley	4113
DRAB MAJESTY	4114
Fugees	4115
Lane 8	4116
NoMBe	4117
Noname	4118
Ra'Shaun	4119
Rodney Atkins	4120
Rohey	4121
The Decemberists	4122
Win and Woo	4123
X-Ray Spex	4124
Alex Lustig	4125
Astronomyy	4126
Big & Rich	4127
Billy Currington	4128
Cavalier	4129
Chris Young	4130
E. JONES	4131
ELSZ	4132
Filous	4133
Gillian Welch	4134
Henry Green	4135
Hiss Golden Messenger	4136
Jake Owen	4137
Justin Moore	4138
Kidswaste	4139
Lee Brice	4140
Merle Haggard	4141
Mosss	4142
slenderbodies	4143
Spoon	4144
Tep No	4145
Teyana Taylor	4146
The Emotions	4147
Vicktor Taiwò	4148
Yebba	4149
Brian Simpson	4150
Brian Culbertson	4151
Chieli Minucci	4152
Kool&Klean	4153
Lords of the Underground	4154
Marcus Johnson	4155
Oli Silk	4156
Boyce Avenue	4157
Eddie Berman	4158
Four80East	4159
Girl Talk	4160
Joseph & Maia	4161
Lotte Kestner	4162
Madilyn Bailey	4163
Pretty Ricky	4164
Rick Braun	4165
Steve Cole	4166
The Mayries	4167
Colin & Caroline	4168
Erato	4169
Fountains of Wayne	4170
Gardiner Sisters	4171
Joy Williams	4172
Jungle	4173
Kina Grannis	4174
Less Is More	4175
Lisa Mitchell	4176
Marion Meadows	4177
Mike Perry	4178
odina	4179
The Civil Wars	4180
The Sweeplings	4181
Dixie Chicks	4182
The Impressions	4183
Alabama	4184
Bon Jovi	4185
Carrie Underwood	4186
Chase Rice	4187
Dustin Lynch	4188
Edwin Starr	4189
Mason Ramsey	4190
Ohio Players	4191
Steve Holy	4192
The Manhattans	4193
The Undisputed Truth	4194
Y&T	4195
Killer Mike	4196
Death Cab for Cutie	4197
Digitalism	4198
DJ Holiday	4199
Easy Star All-Stars	4200
Haley Jonay	4201
Joe Nichols	4202
Letonel	4203
Palaye Royale	4204
Phony Ppl	4205
Quavo	4206
SD	4207
Silk City	4208
The Bill Simmons Podcast & The Ringer	4209
Van El	4210
Zella Day	4211
Lil Ugly Mane	4212
Tom Morello	4213
Del Tha Funkee Homosapien	4214
Deniece Williams	4215
Hilary Duff	4216
Jefferson Starship	4217
K'ron	4218
Lele Pons	4219
Scissor Sisters	4220
Southside	4221
Steve Winwood	4222
Stiff Little Fingers	4223
Toto	4224
Whitney Houston	4225
Masta Ace	4226
Jody Breeze	4227
Chingy	4228
Baby Bash	4229
Autumn in June	4230
Balkan Bump	4231
Boston Manor	4232
Chris Standring	4233
Coca Vango	4234
Cole Swindell	4235
COTIS	4236
Fauxe	4237
Forth Wanderers	4238
Giovanni James	4239
Ina Wroldsen	4240
James Hersey	4241
Jillian Jacqueline	4242
JoJo	4243
Jonti	4244
Joyce Cooling	4245
Kelly Rowland	4246
Lil B	4247
LINES	4248
Loona Dae	4249
Luke Christopher	4250
M-22	4251
Marc Antoine	4252
Michl	4253
MISSIO	4254
Mouthe	4255
Old Man Saxon	4256
Sinéad O'Connor	4257
Stvsh	4258
SYML	4259
Thrice	4260
Boyz N Da Hood	4261
Jesus Piece	4262
Electric Six	4263
Lil Scrappy	4264
Lonestar	4265
Paul Rosenberg	4266
Alice Smith	4267
Bas	4268
Black Coffee	4269
Celph Titled	4270
Chris Cagle	4271
Collin Raye	4272
Colt Ford	4273
David Lee Murphy	4274
DAX	4275
Dionne Warwick	4276
Emmylou Harris	4277
Gretchen Wilson	4278
Grip	4279
Ilham	4280
Ima Robot	4281
india love	4282
James Otto	4283
Jason Michael Carroll	4284
Jo Dee Messina	4285
Joe Budden	4286
Kodie Shane	4287
Lil Jon & The East Side Boyz	4288
LiveLikeDavis	4289
Phil Vassar	4290
Potluck	4291
Randy Houser	4292
Rascal Flatts	4293
Ryan Adams & The Cardinals	4294
Stitches	4295
Warren Zevon	4296
Yella Beezy	4297
Steve Void	4298
Tokyo Vanity	4299
Trill Sammy	4300
Anik Khan	4301
ARMNHMR	4302
Birdtalker	4303
BONES OWENS	4304
Carl Broemel	4305
Ciara	4306
CONRO	4307
Dead Cassettes	4308
Death By Shotgun	4309
Dizzee Rascal	4310
Family and Friends	4311
Flux Pavilion	4312
Graeme James	4313
Haley Heynderickx	4314
I-15	4315
Jamie Foxx	4316
Jennifer Hudson	4317
Josh Jenkins	4318
Just Loud	4319
Kelis	4320
Kream	4321
Kwamie Liv	4322
Leisure	4323
Liz Cooper & The Stampede	4324
Lukas Nelson & Promise of the Real	4325
M.O.P.	4326
Mario	4327
Mick Jenkins	4328
Milo Greene	4329
MitiS	4330
Nick Mulvey	4331
Nicole Scherzinger	4332
Niykee Heaton	4333
Passenger	4334
Prince	4335
Shura	4336
smle	4337
Sonia Stein	4338
The M Machine	4339
Traveller	4340
Wild	4341
Wild Child	4342
will.i.am	4343
Seinabo Sey	4344
Future Islands	4345
The Diplomats Present Jim Jones	4346
AB InBev Colleagues	4347
Big Tymers	4348
De La Soul	4349
Eilen Jewell	4350
Jack Back	4351
Justin Townes Earle	4352
Kablito	4353
Kirko Bangz	4354
Klondike Blonde	4355
Levon Helm	4356
Lostboycrow	4357
Melii	4358
Neko Case	4359
R.Lum.R	4360
Robert Earl Keen	4361
sister sparrow	4362
Susan Tedeschi	4363
TOO MANY ZOOZ	4364
Twin Shadow	4365
Wild Nothing	4366
Xavier Omär	4367
Tyler J	4368
Da Real Gee Money	4369
Down Bad	4370
Ray Vicks	4371
Sammie	4372
Z:RO	4373
Adam Wise	4374
Alley Boy	4375
Ashanti	4376
Asiahn	4377
B-WILL	4378
B.G.	4379
Bankroll Fresh	4380
Big B On Da Track	4381
Big Moe	4382
Byrd	4383
Changing Faces	4384
Chris Ardoin	4385
CLOC	4386
Dat Boy A	4387
Dave Hollister	4388
Dinah Jane	4389
Dirty	4390
Dj 5150	4391
DJ Drama	4392
DJ Southeastern	4393
Doe B	4394
Doja Cat	4395
Elhae	4396
Fat Pat	4397
Ferrari Ferrell	4398
Foxx	4399
FOXX A MILL	4400
Foxx-A-Mill	4401
Geaux Yella	4402
Gerald Levert	4403
Gmack the Bandman	4404
Hurricane Chris	4405
J-Stead	4406
J. Stalin	4407
Jeffrey Lewis	4408
Jim Junior	4409
Johnny Cinco	4410
Jonathan Johansson	4411
Justine Skye	4412
Keri Hilson	4413
Killa Kyleon	4414
Lee Banks	4415
Leona Lewis	4416
Level	4417
Lil Boosie	4418
Lil Cali	4419
Lil Keed	4420
Lil Phat	4421
Mack 10	4422
Madd Marvin	4423
Malachi X	4424
masego	4425
Max Minelli	4426
Miracle Whip	4427
Mista	4428
Mista Cain	4429
Mouse and Level	4430
Mouse On Tha Track	4431
Nairrad Benjamin	4432
Ne-Yo	4433
Next	4434
Niki & the Dove	4435
Norman Perry	4436
Nsg Pacman	4437
Pac-Man	4438
Pastor Troy	4439
Pleasure P	4440
Racked Up Ready	4441
Ray J	4442
Rusko	4443
Scotty Corleone	4444
Sevyn Streeter	4445
Slim Thug	4446
Snootie Wild	4447
Soulfly	4448
Soulja Slim	4449
Tank	4450
TEC	4451
Trapboy Freddy	4452
Tre Pierre	4453
Tucka	4454
Webbie	4455
Wild Yella	4456
Wochee	4457
Ximena Sariñana	4458
Young Troll	4459
YOWDA	4460
The Band Perry	4461
100s	4462
Jamila Woods	4463
BC Kingdom	4464
J.I.D	4465
Nöel	4466
Blood Incantation	4467
Amerie	4468
ANIIML	4469
August Alsina	4470
Brother Kamau	4471
Cousin Stizz	4472
DJ Premier	4473
Goapele	4474
K-Ci & JoJo	4475
Lil Gotit	4476
Lil Mosey	4477
Lil' Mo	4478
Marc Ribot	4479
Marc Scibilia	4480
Marques Houston	4481
Mary Mary	4482
NGeeYL	4483
Only One Felipe	4484
Papa Roach	4485
Rob Markman	4486
Silk	4487
Total	4488
Transit22	4489
Silverchair	4490
Evoni	4491
7 Year Bitch	4492
Alana Yorke	4493
Artist vs. Poet	4494
Brödet	4495
Bukk Bukk	4496
Bush	4497
Butthole Surfers	4498
Canvas	4499
Carling	4500
Dinosaur Pile-Up	4501
Failure	4502
Gifted Gab	4503
Green River	4504
It Boys!	4505
Jeremy Zucker	4506
Jerry Cantrell	4507
Latrell James	4508
Malfunkshun	4509
MareDaTruth	4510
Mark Lanegan	4511
Mir Fontane	4512
Mudhoney	4513
Nite Jewel	4514
Pagoda	4515
Porno for Pyros	4516
Seaweed	4517
Stereo Skyline	4518
Tate Kobang	4519
Temple of the Dog	4520
Valerie Broussard	4521
Everclear	4522
Ray LaMontagne	4523
Brian Arc	4524
John Gibbons	4525
Mr Jukes	4526
NEIKED	4527
Tayla	4528
The Him	4529
Julien Baker	4530
MihTy	4531
The Dismemberment Plan	4532
Talk Talk	4533
Lucy Dacus	4534
Pavement	4535
Cast	4536
Diddy - Dirty Money	4537
Ella Martini	4538
Normani	4539
Amy Winehouse	4540
Ava Max	4541
Bradley Cooper	4542
brasstracks	4543
Brent Faiyaz	4544
Chester Watson	4545
Depeche Mode	4546
Jon Bellion	4547
Kingslynn	4548
Knife Party	4549
Mitchell Tenpenny	4550
Toro y Moi	4551
Vice	4552
Vinny Fanta	4553
Built to Spill	4554
Tenacious D	4555
Ari Lennox	4556
Ezra Collective	4557
Hunnah	4558
Jamie xx	4559
Mac Ayres	4560
MoneyBagg Yo	4561
Radiant Children	4562
Ruck P	4563
Robert Finley	4564
Drug Church	4565
Aaliyah	4566
Benny Blanco	4567
Blu Cantrell	4568
Boosie,Beelow,Juvenile	4569
COI LERAY	4570
Dexys Midnight Runners	4571
Dj6pac	4572
Earthworm Lean	4573
Figg Panamera	4574
Jack Garratt	4575
Jozzy	4576
Latre'	4577
Lil Keke	4578
Maine Musik	4579
Mark Morrison	4580
NOTD	4581
Roddy Ricch	4582
The J. Geils Band	4583
Whop Bezzy	4584
Jewel	4585
Portrayal Of Guilt	4586
Torche	4587
City Girls	4588
Joell Ortiz	4589
Lennon Stella	4590
Disturbed	4591
Joan Osborne	4592
The Stone Roses	4593
Marc Cohn	4594
Gov't Mule	4595
Limp Bizkit	4596
Ultramagnetic MC's	4597
Adrianne Lenker	4598
Boston Bun	4599
Fear Factory	4600
Foxing	4601
Hippo Campus	4602
Hop Along	4603
James Gillespie	4604
Kinder	4605
Kollision	4606
Møme	4607
Pale Waves	4608
slowthai	4609
Stalking Gia	4610
Takeoff	4611
Tyler Childers	4612
Agrimonia	4613
Key	4614
Skindred	4615
Gloss Gang	4616
Jake Miller	4617
Kiana Ledé	4618
Peggy Lee	4619
24hrs	4620
Andrew Rayel	4621
Backstreet Boys	4622
Braids	4623
Choker	4624
Chromatics	4625
DWN2EARTH	4626
Grimes	4627
Jai Waetford	4628
Jid	4629
John De Sohn	4630
Jon Bap	4631
Kahiem Rivera	4632
Kay Starr	4633
Kemba	4634
Kiddo	4635
KISH!	4636
Kool A.D.	4637
Kurt Vile	4638
Los Unidades	4639
lovelytheband	4640
Maggie Gabbard	4641
Nico	4642
Olivia Holt	4643
Patrick Paige II	4644
Paul White	4645
PLVTINUM	4646
QUADRY	4647
Ré Lxuise	4648
Royal Canoe	4649
Ruel	4650
Soul Theory	4651
Squibs	4652
The Band CAMINO	4653
The Nat King Cole Trio	4654
Tobilla	4655
Upsahl	4656
XO Cupid	4657
XYLØ	4658
yugen blakrok	4659
Yuno	4660
møl	4661
Obliteration	4662
Swamp Dogg	4663
Yung Van	4664
DIJON	4665
duendita	4666
Gabriel Garzón-Montano	4667
Kids See Ghosts	4668
Money Game Boo	4669
Rolo Tomassi	4670
Satasha Torres	4671
SKI MASK THE SLUMP GOD	4672
Tabby Wakes	4673
Tank and the Bangas	4674
the spirit of the beehive	4675
Thea Hjelmeland	4676
Totally Enormous Extinct Dinosaurs	4677
Rosalía	4678
Madvillain	4679
Ambar Lucid	4680
Camp Cope	4681
Christine and the Queens	4682
CunninLynguists	4683
CupcakKe	4684
Flipp Dinero	4685
Hail Mary Mallon	4686
Hieroglyphics	4687
Julia Holter	4688
LAVA LA RUE	4689
Let's Eat Grandma	4690
Lonnie Holley	4691
Octavian	4692
Pink Sweat$	4693
Stephen Malkmus and the Jicks	4694
Steve Lacy	4695
Viktor Vaughn	4696
Westerman	4697
Yves Tumor	4698
Chamillionaire	4699
Memphis Bleek	4700
Amen Dunes	4701
B2K	4702
Blue	4703
Empath	4704
Eric Prydz	4705
Fat Joe	4706
Foxy Brown	4707
Gorilla Zoe	4708
Jessica Pratt	4709
Lil' Romeo	4710
Lil' Zane	4711
Low	4712
Mormor	4713
Sandro Perri	4714
Sons of Kemet	4715
SoulDecision	4716
The Milk Carton Kids	4717
Gregory Alan Isakov	4718
Sharon Van Etten	4719
Beirut	4720
Big Red Machine	4721
Blind Pilot	4722
Brooks	4723
Harry James	4724
Matthew And The Atlas	4725
Nai Palm	4726
S. Carey	4727
the brother brothers	4728
Aaron Watson	4729
Blonde	4730
Donmonique	4731
General Crush	4732
GGOOLLDD	4733
Jakarta	4734
Kool & The Gang	4735
Old Sea Brigade	4736
Party Favor	4737
Pras	4738
Savage Garden	4739
YOUNG M.A	4740
Evelyn "Champagne" King	4741
Lauren Jauregui	4742
Alec Benjamin	4743
GTA	4744
Nicole Bus	4745
Patrice Rushen	4746
twoloud	4747
Yogi	4748
Incendiary	4749
Hotlegs©	4750
The Fortunes	4751
Bobby Russell	4752
Cozy Powell	4753
Desmond Child & Rouge	4754
Edward Bear	4755
Flash	4756
gonzalez	4757
Hurricane Smith	4758
Maxine Nightingale	4759
Moon Martin	4760
Mustard	4761
Rick Springfield	4762
Robert John	4763
Savoy	4764
Skylark	4765
Starbuck	4766
The Ocean	4767
The Sylvers	4768
Tommy Trash	4769
Better Oblivion Community Center	4770
Bright Eyes	4771
Bass Drum of Death	4772
Culture Abuse	4773
Delta Heavy	4774
Mannequin Pussy	4775
Twin Peaks	4776
dua saleh	4777
Karlae	4778
Rauw Alejandro	4779
T-Shyne	4780
YBN Cordae	4781
Health	4782
Trapt	4783
RL Grime	4784
Blake Rose	4785
Crystal Castles	4786
Mike	4787
Omar Apollo	4788
Ryan Hemsworth	4789
Shad Da God	4790
Skee-Lo	4791
Planes Mistaken For Stars	4792
Inter Arma	4793
Yungblud	4794
3rd Force	4795
Bob Baldwin	4796
Dan Siegel	4797
Dennis Lloyd	4798
Duncan Millar	4799
Fourplay	4800
Guap Tarantino	4801
KOTA The Friend	4802
Little Simz	4803
Lucky Daye	4804
Nils	4805
Norman Brown	4806
TLC	4807
Tom Swoon	4808
VanJess	4809
YNW Melly	4810
Necrot	4811
Lauren Duski	4812
Foxes	4813
Léon	4814
Shoffy	4815
641	4816
Abby Jasmine	4817
AlunaGeorge	4818
Carly Pearce	4819
Col3trane	4820
Ella Vos	4821
Esmée Denters	4822
Ester Dean	4823
Giggs	4824
GOON DES GARCONS*	4825
Horrendous	4826
Jimmie Allen	4827
Lewis Brice	4828
Logan Mize	4829
Mansionair	4830
Meg Mac	4831
Of	4832
Paradiso Girls	4833
Pete Rock	4834
PIVOT Gang	4835
Social Club Misfits	4836
Sofi Tukker	4837
Soulja Boy	4838
Tess Henley	4839
The Beatnuts	4840
TiaCorine	4841
Tomb Mold	4842
Twista	4843
Tyla Yaweh	4844
Vivienne Chi	4845
Kano	4846
KEN mode	4847
Bugzy Malone	4848
AJ Tracey	4849
Blueface	4850
JME	4851
Wiley	4852
Abir	4853
Bea Miller	4854
Ben Platt	4855
Betablock3r	4856
Big Zuu	4857
BUNT.	4858
Ché	4859
Chris Smither	4860
Curtis Roach	4861
DJ Sammy	4862
Dkirk	4863
Ezri	4864
Fiona Apple	4865
Gabrielle Aplin	4866
Inner Oceans	4867
Jay Squared	4868
Jonas Brothers	4869
Lethal Bizzle	4870
Lisa Loeb	4871
Martin Jensen	4872
Meridian Dan	4873
Roll Deep	4874
Röyksopp	4875
Ruff Sqwad	4876
Shyam	4877
Slumberjack	4878
Tempa T	4879
The Highwaymen	4880
Tinie Tempah	4881
Torii Wolf	4882
TransViolet	4883
Unknown T	4884
Vampire Weekend	4885
Zahsosaa	4886
DaBaby	4887
KH	4888
Atlas Genius	4889
blake rules	4890
Brett Eldredge	4891
Key Glock	4892
Mystery School	4893
Shy Glizzy	4894
Summer Walker	4895
Tayla Parx	4896
DaniLeigh	4897
Koryn Hawthorne	4898
Nasty Cherry	4899
SG Lewis	4900
Sofia Reyes	4901
Total Slacker	4902
Burna Boy	4903
Candy	4904
Yolanda Adams	4905
Alec Bailey	4906
Black Caviar	4907
Dean Lewis	4908
Griz	4909
King Gizzard & The Lizard Wizard	4910
Young Bombs	4911
3LW	4912
Avely	4913
Björk	4914
BSlime	4915
Cassie	4916
Drag-On	4917
Gramatik	4918
Iyaz	4919
Jai Paul	4920
Jordin Sparks	4921
Lloyd Banks	4922
Mint Condition	4923
Navegante	4924
Nivea	4925
Paula DeAnda	4926
Sheek Louch	4927
Simple Plan	4928
Stunna 4 Vegas	4929
T:ME	4930
The Black Crowes	4931
The Isley Brothers	4932
The Lox	4933
Aaron Hall	4934
Rappin' 4-Tay	4935
Devante	4936
Immature	4937
Jill Scott	4938
Joker	4939
King Louie	4940
Mr. Dalvin	4941
Sista	4942
Tre Black	4943
::M∆DE::IN::HEIGHTS::	4944
Brothers of Soul	4945
John Lee Hooker	4946
John Tesh	4947
Junior Wells	4948
NGHTMRE	4949
T.I.	4950
Wendy & Lisa	4951
Yeasayer	4952
Megan Thee Stallion	4953
WORMWITCH	4954
Aeden Alvarez	4955
Big Gipp	4956
Cate le Bon	4957
Chris Crack	4958
Georgia	4959
Have a Nice Life	4960
Holly Herndon	4961
Kyle Lux	4962
Lor Choc	4963
Miquela	4964
RonSoCold	4965
tisaKOREAN	4966
Weyes Blood	4967
Birdman	4968
Collie Buddz	4969
Cult Leader	4970
Digital Nas	4971
Duffel Bag Hottie	4972
Girls Aloud	4973
Griffin Stoller	4974
Hannah Montana	4975
Kranium	4976
Stein	4977
T.Flu	4978
YBN Almighty Jay	4979
Hole	4980
Ásgeir	4981
Carlie Hanson	4982
Don Toliver	4983
Drug	4984
Eves Karydas	4985
Liion Gamble	4986
Liz Phair	4987
Local H	4988
Matrixx	4989
Rod Wave	4990
SHYAMALA	4991
Sleater-Kinney	4992
Suede	4993
Vera Blue	4994
Willie Jones	4995
PUP	4996
Anita Baker	4997
Blaque	4998
Brian McKnight	4999
Brownstone	5000
Cheri Dennis	5001
Freddie Jackson	5002
James Morrison	5003
Jonathan Richman And The Modern Lovers	5004
Keith Washington	5005
Luther Vandross	5006
Monica	5007
Mýa	5008
Nina Sky	5009
Public Announcement	5010
Regina Belle	5011
Sisqó	5012
Surface	5013
Tamia	5014
Teairra Marí	5015
Teddy Pendergrass	5016
Tweet	5017
Vivian Green	5018
Ying Yang Twins	5019
Zhané	5020
The Postal Service	5021
Joon Jukx	5022
lalash	5023
Tink	5024
UnoTheActivist	5025
X LOVERS	5026
AllBlack	5027
Alphabeat	5028
Cinno	5029
George Jones	5030
Hank Williams	5031
Icelandia	5032
Jwil	5033
Kississippi	5034
Lights	5035
Lloyd	5036
The Born Love	5037
Yung Tory	5038
Calboy	5039
All Them Witches	5040
Armani White	5041
Banner Pilot	5042
Beenie Man	5043
Bow Wow	5044
Dream	5045
El Perro del Mar	5046
Emotional Oranges	5047
Eryn Allen Kane	5048
Javier	5049
Jhacari	5050
JxHines	5051
Kacy & Clayton	5052
Kashena Sampson	5053
Kevin Lyttle	5054
Knotz ET	5055
lil tjay	5056
Lumidee	5057
Maino	5058
Miranda Lee Richards	5059
My Favorite Color	5060
NLE Choppa	5061
Phosphorescent	5062
Polo G	5063
Red City Radio	5064
Safe	5065
Sick Individuals	5066
Steelism	5067
Sun Kil Moon	5068
Swearin'	5069
Tom West	5070
Toya	5071
Train	5072
Whiskerman	5073
Herve Pagez	5074
Beyoncé	5075
Fuming Mouth	5076
Meat Puppets	5077
Aurora	5078
Cody Purvis	5079
James Barker Band	5080
Katy Perry	5081
Skyzoo	5082
The Marcus King Band	5083
Brother Ali	5084
Dreamville	5085
Destiny's Child	5086
*NSYNC	5087
Blackstreet	5088
Ce Ce Peniston	5089
DJ D-Sol	5090
Matchbox Twenty	5091
Seramic	5092
Sophie B. Hawkins	5093
Technotronic	5094
88-Keys	5095
88GLAM	5096
August Eve	5097
Boyo	5098
Daniel Caesar	5099
Lil Tecca	5100
Luna Luna	5101
Alanis Morissette	5102
Citizen Cope	5103
Smokey Robinson	5104
Bowling for Soup	5105
Melanie	5106
Melissa Etheridge	5107
Patti Smith	5108
R.L. Burnside	5109
The Rolling Stones	5110
The Spinners	5111
10,000 Maniacs	5112
311	5113
Aubrie Sellers	5114
Charlie Rich	5115
Dave Matthews Band	5116
Dazz Band	5117
Derek and the Dominos	5118
Dispatch	5119
Dr. John	5120
Eddy Arnold	5121
Frank Wilson	5122
Gnarls Barkley	5123
Leadbelly	5124
Phish	5125
Rick James	5126
Tammi Terrell	5127
The Association	5128
The B-52's	5129
The Contours	5130
The Kinks	5131
The Monitors	5132
The Righteous Brothers	5133
The Ronettes	5134
Thelma Houston	5135
A Pregnant Light	5136
zack fox	5137
Capital Cities	5138
iann dior	5139
Idle Hands	5140
Mischief Brew	5141
Sheryl Crow	5142
Thou	5143
